TIME,GEO,SECTPERF,VALUE
2000,BE,TOTAL,1.94
2001,BE,TOTAL,2.03
2002,BE,TOTAL,1.9
2003,BE,TOTAL,1.84
2004,BE,TOTAL,1.82
2005,BE,TOTAL,1.79
2006,BE,TOTAL,1.82
2007,BE,TOTAL,1.85
2008,BE,TOTAL,1.94
2009,BE,TOTAL,2
2010,BE,TOTAL,2.06
2011,BE,TOTAL,2.17
2012,BE,TOTAL,2.28
2013,BE,TOTAL,2.33
2014,BE,TOTAL,2.37
2015,BE,TOTAL,2.43
2016,BE,TOTAL,2.52
2017,BE,TOTAL,2.67
2018,BE,TOTAL,2.86
2019,BE,TOTAL,3.16
2020,BE,TOTAL,3.39
2021,BE,TOTAL,3.39
2022,BE,TOTAL,3.35
2000,BG,TOTAL,0.5
2001,BG,TOTAL,0.45
2002,BG,TOTAL,0.46
2003,BG,TOTAL,0.47
2004,BG,TOTAL,0.47
2005,BG,TOTAL,0.44
2006,BG,TOTAL,0.44
2007,BG,TOTAL,0.43
2008,BG,TOTAL,0.45
2009,BG,TOTAL,0.49
2010,BG,TOTAL,0.56
2011,BG,TOTAL,0.53
2012,BG,TOTAL,0.6
2013,BG,TOTAL,0.63
2014,BG,TOTAL,0.79
2015,BG,TOTAL,0.95
2016,BG,TOTAL,0.77
2017,BG,TOTAL,0.74
2018,BG,TOTAL,0.75
2019,BG,TOTAL,0.83
2020,BG,TOTAL,0.85
2021,BG,TOTAL,0.77
2022,BG,TOTAL,0.75
2000,CZ,TOTAL,1.1
2001,CZ,TOTAL,1.09
2002,CZ,TOTAL,1.09
2003,CZ,TOTAL,1.14
2004,CZ,TOTAL,1.14
2005,CZ,TOTAL,1.16
2006,CZ,TOTAL,1.23
2007,CZ,TOTAL,1.3
2008,CZ,TOTAL,1.24
2009,CZ,TOTAL,1.29
2010,CZ,TOTAL,1.31
2011,CZ,TOTAL,1.53
2012,CZ,TOTAL,1.76
2013,CZ,TOTAL,1.87
2014,CZ,TOTAL,1.94
2015,CZ,TOTAL,1.91
2016,CZ,TOTAL,1.65
2017,CZ,TOTAL,1.75
2018,CZ,TOTAL,1.88
2019,CZ,TOTAL,1.9
2020,CZ,TOTAL,1.95
2021,CZ,TOTAL,1.93
2022,CZ,TOTAL,1.89
2000,DK,TOTAL,2.19
2001,DK,TOTAL,2.32
2002,DK,TOTAL,2.44
2003,DK,TOTAL,2.51
2004,DK,TOTAL,2.41
2005,DK,TOTAL,2.39
2006,DK,TOTAL,2.4
2007,DK,TOTAL,2.51
2008,DK,TOTAL,2.76
2009,DK,TOTAL,3.04
2010,DK,TOTAL,2.91
2011,DK,TOTAL,2.94
2012,DK,TOTAL,2.98
2013,DK,TOTAL,2.96
2014,DK,TOTAL,2.92
2015,DK,TOTAL,3.06
2016,DK,TOTAL,3.1
2017,DK,TOTAL,2.94
2018,DK,TOTAL,2.98
2019,DK,TOTAL,2.95
2020,DK,TOTAL,2.97
2021,DK,TOTAL,2.74
2022,DK,TOTAL,2.87
2000,DE,TOTAL,2.41
2001,DE,TOTAL,2.4
2002,DE,TOTAL,2.44
2003,DE,TOTAL,2.47
2004,DE,TOTAL,2.44
2005,DE,TOTAL,2.44
2006,DE,TOTAL,2.47
2007,DE,TOTAL,2.46
2008,DE,TOTAL,2.62
2009,DE,TOTAL,2.74
2010,DE,TOTAL,2.73
2011,DE,TOTAL,2.81
2012,DE,TOTAL,2.88
2013,DE,TOTAL,2.84
2014,DE,TOTAL,2.88
2015,DE,TOTAL,2.93
2016,DE,TOTAL,2.94
2017,DE,TOTAL,3.05
2018,DE,TOTAL,3.11
2019,DE,TOTAL,3.17
2020,DE,TOTAL,3.13
2021,DE,TOTAL,3.13
2022,DE,TOTAL,3.13
2000,EE,TOTAL,0.6
2001,EE,TOTAL,0.7
2002,EE,TOTAL,0.71
2003,EE,TOTAL,0.76
2004,EE,TOTAL,0.85
2005,EE,TOTAL,0.92
2006,EE,TOTAL,1.11
2007,EE,TOTAL,1.06
2008,EE,TOTAL,1.25
2009,EE,TOTAL,1.4
2010,EE,TOTAL,1.58
2011,EE,TOTAL,2.31
2012,EE,TOTAL,2.12
2013,EE,TOTAL,1.72
2014,EE,TOTAL,1.43
2015,EE,TOTAL,1.47
2016,EE,TOTAL,1.24
2017,EE,TOTAL,1.28
2018,EE,TOTAL,1.41
2019,EE,TOTAL,1.62
2020,EE,TOTAL,1.75
2021,EE,TOTAL,1.77
2022,EE,TOTAL,1.78
2000,IE,TOTAL,1.08
2001,IE,TOTAL,1.05
2002,IE,TOTAL,1.06
2003,IE,TOTAL,1.12
2004,IE,TOTAL,1.18
2005,IE,TOTAL,1.19
2006,IE,TOTAL,1.2
2007,IE,TOTAL,1.23
2008,IE,TOTAL,1.39
2009,IE,TOTAL,1.61
2010,IE,TOTAL,1.59
2011,IE,TOTAL,1.54
2012,IE,TOTAL,1.55
2013,IE,TOTAL,1.54
2014,IE,TOTAL,1.48
2015,IE,TOTAL,1.14
2016,IE,TOTAL,1.15
2017,IE,TOTAL,1.21
2018,IE,TOTAL,1.08
2019,IE,TOTAL,1.14
2020,IE,TOTAL,1.12
2021,IE,TOTAL,1.07
2022,IE,TOTAL,2.17
2001,EL,TOTAL,0.56
2003,EL,TOTAL,0.55
2004,EL,TOTAL,0.53
2005,EL,TOTAL,0.58
2006,EL,TOTAL,0.56
2007,EL,TOTAL,0.58
2008,EL,TOTAL,0.66
2009,EL,TOTAL,0.63
2010,EL,TOTAL,0.6
2011,EL,TOTAL,0.68
2012,EL,TOTAL,0.71
2013,EL,TOTAL,0.81
2014,EL,TOTAL,0.84
2015,EL,TOTAL,0.97
2016,EL,TOTAL,1.01
2017,EL,TOTAL,1.15
2018,EL,TOTAL,1.21
2019,EL,TOTAL,1.27
2020,EL,TOTAL,1.51
2021,EL,TOTAL,1.46
2022,EL,TOTAL,1.49
2000,ES,TOTAL,0.88
2001,ES,TOTAL,0.89
2002,ES,TOTAL,0.96
2003,ES,TOTAL,1.02
2004,ES,TOTAL,1.04
2005,ES,TOTAL,1.1
2006,ES,TOTAL,1.18
2007,ES,TOTAL,1.24
2008,ES,TOTAL,1.32
2009,ES,TOTAL,1.36
2010,ES,TOTAL,1.36
2011,ES,TOTAL,1.33
2012,ES,TOTAL,1.3
2013,ES,TOTAL,1.27
2014,ES,TOTAL,1.24
2015,ES,TOTAL,1.22
2016,ES,TOTAL,1.19
2017,ES,TOTAL,1.21
2018,ES,TOTAL,1.24
2019,ES,TOTAL,1.25
2020,ES,TOTAL,1.41
2021,ES,TOTAL,1.41
2022,ES,TOTAL,1.44
2000,FR,TOTAL,2.1
2001,FR,TOTAL,2.15
2002,FR,TOTAL,2.19
2003,FR,TOTAL,2.13
2004,FR,TOTAL,2.1
2005,FR,TOTAL,2.06
2006,FR,TOTAL,2.05
2007,FR,TOTAL,2.03
2008,FR,TOTAL,2.06
2009,FR,TOTAL,2.21
2010,FR,TOTAL,2.18
2011,FR,TOTAL,2.19
2012,FR,TOTAL,2.23
2013,FR,TOTAL,2.23
2014,FR,TOTAL,2.22
2015,FR,TOTAL,2.22
2016,FR,TOTAL,2.22
2017,FR,TOTAL,2.2
2018,FR,TOTAL,2.2
2019,FR,TOTAL,2.2
2020,FR,TOTAL,2.27
2021,FR,TOTAL,2.21
2022,FR,TOTAL,2.22
2002,HR,TOTAL,0.94
2003,HR,TOTAL,0.94
2004,HR,TOTAL,1.02
2005,HR,TOTAL,0.85
2006,HR,TOTAL,0.73
2007,HR,TOTAL,0.78
2008,HR,TOTAL,0.88
2009,HR,TOTAL,0.83
2010,HR,TOTAL,0.73
2011,HR,TOTAL,0.74
2012,HR,TOTAL,0.74
2013,HR,TOTAL,0.8
2014,HR,TOTAL,0.77
2015,HR,TOTAL,0.82
2016,HR,TOTAL,0.84
2017,HR,TOTAL,0.84
2018,HR,TOTAL,0.94
2019,HR,TOTAL,1.07
2020,HR,TOTAL,1.23
2021,HR,TOTAL,1.23
2022,HR,TOTAL,1.4
2000,IT,TOTAL,1
2001,IT,TOTAL,1.04
2002,IT,TOTAL,1.08
2003,IT,TOTAL,1.06
2004,IT,TOTAL,1.05
2005,IT,TOTAL,1.04
2006,IT,TOTAL,1.08
2007,IT,TOTAL,1.13
2008,IT,TOTAL,1.16
2009,IT,TOTAL,1.22
2010,IT,TOTAL,1.22
2011,IT,TOTAL,1.2
2012,IT,TOTAL,1.26
2013,IT,TOTAL,1.3
2014,IT,TOTAL,1.34
2015,IT,TOTAL,1.34
2016,IT,TOTAL,1.37
2017,IT,TOTAL,1.37
2018,IT,TOTAL,1.42
2019,IT,TOTAL,1.46
2020,IT,TOTAL,1.51
2021,IT,TOTAL,1.43
2022,IT,TOTAL,1.39
2000,CY,TOTAL,0.23
2001,CY,TOTAL,0.24
2002,CY,TOTAL,0.28
2003,CY,TOTAL,0.32
2004,CY,TOTAL,0.34
2005,CY,TOTAL,0.37
2006,CY,TOTAL,0.38
2007,CY,TOTAL,0.4
2008,CY,TOTAL,0.39
2009,CY,TOTAL,0.44
2010,CY,TOTAL,0.44
2011,CY,TOTAL,0.45
2012,CY,TOTAL,0.44
2013,CY,TOTAL,0.48
2014,CY,TOTAL,0.51
2015,CY,TOTAL,0.48
2016,CY,TOTAL,0.52
2017,CY,TOTAL,0.54
2018,CY,TOTAL,0.61
2019,CY,TOTAL,0.71
2020,CY,TOTAL,0.84
2021,CY,TOTAL,0.8
2022,CY,TOTAL,0.75
2000,LV,TOTAL,0.43
2001,LV,TOTAL,0.4
2002,LV,TOTAL,0.41
2003,LV,TOTAL,0.36
2004,LV,TOTAL,0.4
2005,LV,TOTAL,0.53
2006,LV,TOTAL,0.65
2007,LV,TOTAL,0.55
2008,LV,TOTAL,0.58
2009,LV,TOTAL,0.45
2010,LV,TOTAL,0.61
2011,LV,TOTAL,0.72
2012,LV,TOTAL,0.66
2013,LV,TOTAL,0.61
2014,LV,TOTAL,0.69
2015,LV,TOTAL,0.62
2016,LV,TOTAL,0.44
2017,LV,TOTAL,0.51
2018,LV,TOTAL,0.64
2019,LV,TOTAL,0.64
2020,LV,TOTAL,0.73
2021,LV,TOTAL,0.75
2022,LV,TOTAL,0.76
2000,LT,TOTAL,0.59
2001,LT,TOTAL,0.67
2002,LT,TOTAL,0.66
2003,LT,TOTAL,0.66
2004,LT,TOTAL,0.75
2005,LT,TOTAL,0.75
2006,LT,TOTAL,0.79
2007,LT,TOTAL,0.8
2008,LT,TOTAL,0.79
2009,LT,TOTAL,0.83
2010,LT,TOTAL,0.78
2011,LT,TOTAL,0.9
2012,LT,TOTAL,0.89
2013,LT,TOTAL,0.95
2014,LT,TOTAL,1.03
2015,LT,TOTAL,1.04
2016,LT,TOTAL,0.84
2017,LT,TOTAL,0.9
2018,LT,TOTAL,0.94
2019,LT,TOTAL,0.99
2020,LT,TOTAL,1.13
2021,LT,TOTAL,1.1
2022,LT,TOTAL,1.05
2000,LU,TOTAL,1.58
2003,LU,TOTAL,1.62
2004,LU,TOTAL,1.59
2005,LU,TOTAL,1.56
2006,LU,TOTAL,1.65
2007,LU,TOTAL,1.57
2008,LU,TOTAL,1.55
2009,LU,TOTAL,1.59
2010,LU,TOTAL,1.42
2011,LU,TOTAL,1.42
2012,LU,TOTAL,1.21
2013,LU,TOTAL,1.23
2014,LU,TOTAL,1.22
2015,LU,TOTAL,1.25
2016,LU,TOTAL,1.27
2017,LU,TOTAL,1.24
2018,LU,TOTAL,1.17
2019,LU,TOTAL,1.18
2020,LU,TOTAL,1.1
2021,LU,TOTAL,1.04
2022,LU,TOTAL,1.05
2000,HU,TOTAL,0.79
2001,HU,TOTAL,0.91
2002,HU,TOTAL,0.98
2003,HU,TOTAL,0.92
2004,HU,TOTAL,0.86
2005,HU,TOTAL,0.92
2006,HU,TOTAL,0.98
2007,HU,TOTAL,0.95
2008,HU,TOTAL,0.98
2009,HU,TOTAL,1.13
2010,HU,TOTAL,1.13
2011,HU,TOTAL,1.18
2012,HU,TOTAL,1.25
2013,HU,TOTAL,1.38
2014,HU,TOTAL,1.34
2015,HU,TOTAL,1.34
2016,HU,TOTAL,1.18
2017,HU,TOTAL,1.32
2018,HU,TOTAL,1.51
2019,HU,TOTAL,1.47
2020,HU,TOTAL,1.59
2021,HU,TOTAL,1.64
2022,HU,TOTAL,1.39
2002,MT,TOTAL,0.25
2003,MT,TOTAL,0.24
2004,MT,TOTAL,0.49
2005,MT,TOTAL,0.53
2006,MT,TOTAL,0.58
2007,MT,TOTAL,0.55
2008,MT,TOTAL,0.53
2009,MT,TOTAL,0.51
2010,MT,TOTAL,0.59
2011,MT,TOTAL,0.67
2012,MT,TOTAL,0.8
2013,MT,TOTAL,0.74
2014,MT,TOTAL,0.69
2015,MT,TOTAL,0.72
2016,MT,TOTAL,0.56
2017,MT,TOTAL,0.55
2018,MT,TOTAL,0.57
2019,MT,TOTAL,0.56
2020,MT,TOTAL,0.65
2021,MT,TOTAL,0.65
2022,MT,TOTAL,0.6
2000,NL,TOTAL,1.79
2001,NL,TOTAL,1.79
2002,NL,TOTAL,1.74
2003,NL,TOTAL,1.78
2004,NL,TOTAL,1.78
2005,NL,TOTAL,1.77
2006,NL,TOTAL,1.73
2007,NL,TOTAL,1.66
2008,NL,TOTAL,1.61
2009,NL,TOTAL,1.65
2010,NL,TOTAL,1.69
2011,NL,TOTAL,1.87
2012,NL,TOTAL,1.9
2013,NL,TOTAL,2.14
2014,NL,TOTAL,2.15
2015,NL,TOTAL,2.12
2016,NL,TOTAL,2.12
2017,NL,TOTAL,2.14
2018,NL,TOTAL,2.1
2019,NL,TOTAL,2.14
2020,NL,TOTAL,2.27
2021,NL,TOTAL,2.22
2022,NL,TOTAL,2.18
2000,AT,TOTAL,1.89
2001,AT,TOTAL,1.99
2002,AT,TOTAL,2.07
2003,AT,TOTAL,2.17
2004,AT,TOTAL,2.17
2005,AT,TOTAL,2.37
2006,AT,TOTAL,2.36
2007,AT,TOTAL,2.42
2008,AT,TOTAL,2.57
2009,AT,TOTAL,2.6
2010,AT,TOTAL,2.73
2011,AT,TOTAL,2.67
2012,AT,TOTAL,2.91
2013,AT,TOTAL,2.95
2014,AT,TOTAL,3.08
2015,AT,TOTAL,3.05
2016,AT,TOTAL,3.12
2017,AT,TOTAL,3.06
2018,AT,TOTAL,3.09
2019,AT,TOTAL,3.13
2020,AT,TOTAL,3.2
2021,AT,TOTAL,3.26
2022,AT,TOTAL,3.18
2000,PL,TOTAL,0.64
2001,PL,TOTAL,0.62
2002,PL,TOTAL,0.56
2003,PL,TOTAL,0.54
2004,PL,TOTAL,0.55
2005,PL,TOTAL,0.56
2006,PL,TOTAL,0.55
2007,PL,TOTAL,0.56
2008,PL,TOTAL,0.6
2009,PL,TOTAL,0.66
2010,PL,TOTAL,0.73
2011,PL,TOTAL,0.75
2012,PL,TOTAL,0.89
2013,PL,TOTAL,0.88
2014,PL,TOTAL,0.95
2015,PL,TOTAL,1
2016,PL,TOTAL,0.97
2017,PL,TOTAL,1.04
2018,PL,TOTAL,1.21
2019,PL,TOTAL,1.32
2020,PL,TOTAL,1.39
2021,PL,TOTAL,1.43
2022,PL,TOTAL,1.45
2000,PT,TOTAL,0.72
2001,PT,TOTAL,0.76
2002,PT,TOTAL,0.72
2003,PT,TOTAL,0.7
2004,PT,TOTAL,0.73
2005,PT,TOTAL,0.76
2006,PT,TOTAL,0.95
2007,PT,TOTAL,1.12
2008,PT,TOTAL,1.44
2009,PT,TOTAL,1.58
2010,PT,TOTAL,1.54
2011,PT,TOTAL,1.46
2012,PT,TOTAL,1.38
2013,PT,TOTAL,1.32
2014,PT,TOTAL,1.29
2015,PT,TOTAL,1.24
2016,PT,TOTAL,1.28
2017,PT,TOTAL,1.32
2018,PT,TOTAL,1.35
2019,PT,TOTAL,1.4
2020,PT,TOTAL,1.61
2021,PT,TOTAL,1.67
2022,PT,TOTAL,1.7
2000,RO,TOTAL,0.37
2001,RO,TOTAL,0.39
2002,RO,TOTAL,0.38
2003,RO,TOTAL,0.4
2004,RO,TOTAL,0.39
2005,RO,TOTAL,0.41
2006,RO,TOTAL,0.46
2007,RO,TOTAL,0.51
2008,RO,TOTAL,0.55
2009,RO,TOTAL,0.44
2010,RO,TOTAL,0.45
2011,RO,TOTAL,0.47
2012,RO,TOTAL,0.46
2013,RO,TOTAL,0.39
2014,RO,TOTAL,0.38
2015,RO,TOTAL,0.49
2016,RO,TOTAL,0.49
2017,RO,TOTAL,0.51
2018,RO,TOTAL,0.5
2019,RO,TOTAL,0.48
2020,RO,TOTAL,0.47
2021,RO,TOTAL,0.47
2022,RO,TOTAL,0.46
2000,SI,TOTAL,1.36
2001,SI,TOTAL,1.47
2002,SI,TOTAL,1.44
2003,SI,TOTAL,1.25
2004,SI,TOTAL,1.37
2005,SI,TOTAL,1.42
2006,SI,TOTAL,1.54
2007,SI,TOTAL,1.43
2008,SI,TOTAL,1.63
2009,SI,TOTAL,1.81
2010,SI,TOTAL,2.05
2011,SI,TOTAL,2.41
2012,SI,TOTAL,2.56
2013,SI,TOTAL,2.56
2014,SI,TOTAL,2.37
2015,SI,TOTAL,2.2
2016,SI,TOTAL,2.01
2017,SI,TOTAL,1.87
2018,SI,TOTAL,1.95
2019,SI,TOTAL,2.04
2020,SI,TOTAL,2.14
2021,SI,TOTAL,2.13
2022,SI,TOTAL,2.1
2000,SK,TOTAL,0.64
2001,SK,TOTAL,0.62
2002,SK,TOTAL,0.56
2003,SK,TOTAL,0.56
2004,SK,TOTAL,0.5
2005,SK,TOTAL,0.49
2006,SK,TOTAL,0.47
2007,SK,TOTAL,0.45
2008,SK,TOTAL,0.46
2009,SK,TOTAL,0.47
2010,SK,TOTAL,0.61
2011,SK,TOTAL,0.65
2012,SK,TOTAL,0.79
2013,SK,TOTAL,0.82
2014,SK,TOTAL,0.88
2015,SK,TOTAL,1.16
2016,SK,TOTAL,0.79
2017,SK,TOTAL,0.88
2018,SK,TOTAL,0.84
2019,SK,TOTAL,0.82
2020,SK,TOTAL,0.9
2021,SK,TOTAL,0.92
2022,SK,TOTAL,0.98
2000,FI,TOTAL,3.24
2001,FI,TOTAL,3.19
2002,FI,TOTAL,3.25
2003,FI,TOTAL,3.3
2004,FI,TOTAL,3.31
2005,FI,TOTAL,3.32
2006,FI,TOTAL,3.33
2007,FI,TOTAL,3.34
2008,FI,TOTAL,3.54
2009,FI,TOTAL,3.73
2010,FI,TOTAL,3.71
2011,FI,TOTAL,3.62
2012,FI,TOTAL,3.4
2013,FI,TOTAL,3.27
2014,FI,TOTAL,3.15
2015,FI,TOTAL,2.87
2016,FI,TOTAL,2.72
2017,FI,TOTAL,2.73
2018,FI,TOTAL,2.76
2019,FI,TOTAL,2.8
2020,FI,TOTAL,2.91
2021,FI,TOTAL,2.99
2022,FI,TOTAL,2.96
2001,SE,TOTAL,3.87
2003,SE,TOTAL,3.58
2004,SE,TOTAL,3.37
2005,SE,TOTAL,3.36
2006,SE,TOTAL,3.48
2007,SE,TOTAL,3.24
2008,SE,TOTAL,3.49
2009,SE,TOTAL,3.41
2010,SE,TOTAL,3.19
2011,SE,TOTAL,3.21
2012,SE,TOTAL,3.25
2013,SE,TOTAL,3.28
2014,SE,TOTAL,3.12
2015,SE,TOTAL,3.24
2016,SE,TOTAL,3.26
2017,SE,TOTAL,3.39
2018,SE,TOTAL,3.35
2019,SE,TOTAL,3.4
2020,SE,TOTAL,3.5
2021,SE,TOTAL,3.42
2022,SE,TOTAL,3.47
2000,IS,TOTAL,2.57
2001,IS,TOTAL,2.84
2002,IS,TOTAL,2.82
2003,IS,TOTAL,2.71
2005,IS,TOTAL,2.68
2006,IS,TOTAL,2.85
2007,IS,TOTAL,2.53
2008,IS,TOTAL,2.46
2009,IS,TOTAL,2.6
2011,IS,TOTAL,2.4
2013,IS,TOTAL,1.69
2014,IS,TOTAL,1.94
2015,IS,TOTAL,2.18
2016,IS,TOTAL,2.11
2017,IS,TOTAL,2.08
2018,IS,TOTAL,2
2019,IS,TOTAL,2.34
2020,IS,TOTAL,2.49
2021,IS,TOTAL,2.78
2022,IS,TOTAL,2.6
2001,NO,TOTAL,1.56
2002,NO,TOTAL,1.63
2003,NO,TOTAL,1.68
2004,NO,TOTAL,1.54
2005,NO,TOTAL,1.48
2006,NO,TOTAL,1.45
2007,NO,TOTAL,1.56
2008,NO,TOTAL,1.55
2009,NO,TOTAL,1.72
2010,NO,TOTAL,1.64
2011,NO,TOTAL,1.62
2012,NO,TOTAL,1.61
2013,NO,TOTAL,1.64
2014,NO,TOTAL,1.7
2015,NO,TOTAL,1.92
2016,NO,TOTAL,2.03
2017,NO,TOTAL,2.08
2018,NO,TOTAL,2.03
2019,NO,TOTAL,2.14
2020,NO,TOTAL,2.24
2021,NO,TOTAL,1.89
2022,NO,TOTAL,1.56
2000,CH,TOTAL,2.26
2004,CH,TOTAL,2.61
2008,CH,TOTAL,2.65
2012,CH,TOTAL,2.87
2015,CH,TOTAL,3.08
2017,CH,TOTAL,3.08
2019,CH,TOTAL,3.2
2021,CH,TOTAL,3.31
2000,UK,TOTAL,1.62
2001,UK,TOTAL,1.61
2002,UK,TOTAL,1.62
2003,UK,TOTAL,1.58
2004,UK,TOTAL,1.54
2005,UK,TOTAL,1.56
2006,UK,TOTAL,1.58
2007,UK,TOTAL,1.62
2008,UK,TOTAL,1.61
2009,UK,TOTAL,1.67
2010,UK,TOTAL,1.64
2011,UK,TOTAL,1.65
2012,UK,TOTAL,1.58
2013,UK,TOTAL,1.62
2014,UK,TOTAL,1.64
2015,UK,TOTAL,1.65
2016,UK,TOTAL,1.66
2017,UK,TOTAL,1.68
2018,UK,TOTAL,1.73
2019,UK,TOTAL,1.76
2012,BA,TOTAL,0.27
2013,BA,TOTAL,0.32
2014,BA,TOTAL,0.26
2019,BA,TOTAL,0.19
2020,BA,TOTAL,0.2
2021,BA,TOTAL,0.19
2011,ME,TOTAL,0.31
2013,ME,TOTAL,0.37
2014,ME,TOTAL,0.36
2015,ME,TOTAL,0.37
2016,ME,TOTAL,0.32
2017,ME,TOTAL,0.35
2018,ME,TOTAL,0.5
2019,ME,TOTAL,0.36
2015,MK,TOTAL,0.44
2016,MK,TOTAL,0.44
2017,MK,TOTAL,0.35
2018,MK,TOTAL,0.36
2019,MK,TOTAL,0.37
2020,MK,TOTAL,0.37
2022,MK,TOTAL,0.38
2009,RS,TOTAL,0.82
2010,RS,TOTAL,0.7
2011,RS,TOTAL,0.68
2012,RS,TOTAL,0.85
2013,RS,TOTAL,0.68
2014,RS,TOTAL,0.72
2015,RS,TOTAL,0.81
2016,RS,TOTAL,0.84
2017,RS,TOTAL,0.87
2018,RS,TOTAL,0.92
2019,RS,TOTAL,0.89
2020,RS,TOTAL,0.91
2021,RS,TOTAL,0.99
2022,RS,TOTAL,0.97
2000,TR,TOTAL,0.47
2001,TR,TOTAL,0.52
2002,TR,TOTAL,0.51
2003,TR,TOTAL,0.47
2004,TR,TOTAL,0.5
2005,TR,TOTAL,0.56
2006,TR,TOTAL,0.55
2007,TR,TOTAL,0.69
2008,TR,TOTAL,0.69
2009,TR,TOTAL,0.8
2010,TR,TOTAL,0.79
2011,TR,TOTAL,0.79
2012,TR,TOTAL,0.83
2013,TR,TOTAL,0.81
2014,TR,TOTAL,0.86
2015,TR,TOTAL,0.97
2016,TR,TOTAL,1.12
2017,TR,TOTAL,1.18
2018,TR,TOTAL,1.27
2019,TR,TOTAL,1.32
2020,TR,TOTAL,1.37
2021,TR,TOTAL,1.4
2022,TR,TOTAL,1.32
2000,RU,TOTAL,0.98
2001,RU,TOTAL,1.1
2002,RU,TOTAL,1.16
2003,RU,TOTAL,1.2
2004,RU,TOTAL,1.07
2005,RU,TOTAL,0.99
2006,RU,TOTAL,1
2007,RU,TOTAL,1.04
2008,RU,TOTAL,0.97
2009,RU,TOTAL,1.17
2010,RU,TOTAL,1.05
2011,RU,TOTAL,1.02
2012,RU,TOTAL,1.03
2013,RU,TOTAL,1.03
2014,RU,TOTAL,1.07
2015,RU,TOTAL,1.1
2017,RU,TOTAL,1.11
2018,RU,TOTAL,0.99
2019,RU,TOTAL,1.04
2000,BE,BES,1.4
2001,BE,BES,1.48
2002,BE,BES,1.34
2003,BE,BES,1.28
2004,BE,BES,1.26
2005,BE,BES,1.22
2006,BE,BES,1.26
2007,BE,BES,1.29
2008,BE,BES,1.32
2009,BE,BES,1.32
2010,BE,BES,1.38
2011,BE,BES,1.49
2012,BE,BES,1.59
2013,BE,BES,1.62
2014,BE,BES,1.66
2015,BE,BES,1.7
2016,BE,BES,1.73
2017,BE,BES,1.87
2018,BE,BES,2.05
2019,BE,BES,2.33
2020,BE,BES,2.51
2021,BE,BES,2.53
2022,BE,BES,2.47
2000,BG,BES,0.11
2001,BG,BES,0.09
2002,BG,BES,0.09
2003,BG,BES,0.09
2004,BG,BES,0.11
2005,BG,BES,0.1
2006,BG,BES,0.11
2007,BG,BES,0.13
2008,BG,BES,0.14
2009,BG,BES,0.15
2010,BG,BES,0.28
2011,BG,BES,0.28
2012,BG,BES,0.36
2013,BG,BES,0.39
2014,BG,BES,0.52
2015,BG,BES,0.7
2016,BG,BES,0.56
2017,BG,BES,0.52
2018,BG,BES,0.54
2019,BG,BES,0.56
2020,BG,BES,0.57
2021,BG,BES,0.51
2022,BG,BES,0.51
2000,CZ,BES,0.66
2001,CZ,BES,0.66
2002,CZ,BES,0.67
2003,CZ,BES,0.69
2004,CZ,BES,0.71
2005,CZ,BES,0.67
2006,CZ,BES,0.72
2007,CZ,BES,0.75
2008,CZ,BES,0.71
2009,CZ,BES,0.71
2010,CZ,BES,0.74
2011,CZ,BES,0.83
2012,CZ,BES,0.93
2013,CZ,BES,1
2014,CZ,BES,1.07
2015,CZ,BES,1.04
2016,CZ,BES,1.01
2017,CZ,BES,1.1
2018,CZ,BES,1.16
2019,CZ,BES,1.17
2020,CZ,BES,1.19
2021,CZ,BES,1.21
2022,CZ,BES,1.21
2000,DK,BES,1.46
2001,DK,BES,1.59
2002,DK,BES,1.68
2003,DK,BES,1.73
2004,DK,BES,1.64
2005,DK,BES,1.63
2006,DK,BES,1.61
2007,DK,BES,1.75
2008,DK,BES,1.93
2009,DK,BES,2.12
2010,DK,BES,1.95
2011,DK,BES,1.96
2012,DK,BES,1.96
2013,DK,BES,1.88
2014,DK,BES,1.86
2015,DK,BES,1.94
2016,DK,BES,2.02
2017,DK,BES,1.86
2018,DK,BES,1.88
2019,DK,BES,1.85
2020,DK,BES,1.83
2021,DK,BES,1.7
2022,DK,BES,1.76
2000,DE,BES,1.69
2001,DE,BES,1.67
2002,DE,BES,1.68
2003,DE,BES,1.72
2004,DE,BES,1.7
2005,DE,BES,1.69
2006,DE,BES,1.73
2007,DE,BES,1.72
2008,DE,BES,1.81
2009,DE,BES,1.85
2010,DE,BES,1.83
2011,DE,BES,1.9
2012,DE,BES,1.96
2013,DE,BES,1.91
2014,DE,BES,1.95
2015,DE,BES,2.01
2016,DE,BES,2
2017,DE,BES,2.11
2018,DE,BES,2.14
2019,DE,BES,2.18
2020,DE,BES,2.09
2021,DE,BES,2.09
2022,DE,BES,2.11
2000,EE,BES,0.14
2001,EE,BES,0.23
2002,EE,BES,0.22
2003,EE,BES,0.26
2004,EE,BES,0.33
2005,EE,BES,0.41
2006,EE,BES,0.49
2007,EE,BES,0.5
2008,EE,BES,0.54
2009,EE,BES,0.62
2010,EE,BES,0.79
2011,EE,BES,1.46
2012,EE,BES,1.22
2013,EE,BES,0.82
2014,EE,BES,0.62
2015,EE,BES,0.68
2016,EE,BES,0.64
2017,EE,BES,0.6
2018,EE,BES,0.6
2019,EE,BES,0.86
2020,EE,BES,0.96
2021,EE,BES,0.99
2022,EE,BES,1
2000,IE,BES,0.78
2001,IE,BES,0.74
2002,IE,BES,0.73
2003,IE,BES,0.76
2004,IE,BES,0.77
2005,IE,BES,0.78
2006,IE,BES,0.79
2007,IE,BES,0.81
2008,IE,BES,0.9
2009,IE,BES,1.1
2010,IE,BES,1.1
2011,IE,BES,1.07
2012,IE,BES,1.11
2013,IE,BES,1.1
2014,IE,BES,1.05
2015,IE,BES,0.82
2016,IE,BES,0.83
2017,IE,BES,0.9
2018,IE,BES,0.83
2019,IE,BES,0.9
2020,IE,BES,0.89
2021,IE,BES,0.86
2022,IE,BES,1.98
2000,EL,BES,0.14
2001,EL,BES,0.18
2002,EL,BES,0.18
2003,EL,BES,0.18
2004,EL,BES,0.16
2005,EL,BES,0.18
2006,EL,BES,0.17
2007,EL,BES,0.16
2008,EL,BES,0.21
2009,EL,BES,0.23
2010,EL,BES,0.24
2011,EL,BES,0.24
2012,EL,BES,0.24
2013,EL,BES,0.27
2014,EL,BES,0.28
2015,EL,BES,0.32
2016,EL,BES,0.42
2017,EL,BES,0.56
2018,EL,BES,0.58
2019,EL,BES,0.59
2020,EL,BES,0.7
2021,EL,BES,0.69
2022,EL,BES,0.73
2000,ES,BES,0.47
2001,ES,BES,0.47
2002,ES,BES,0.52
2003,ES,BES,0.55
2004,ES,BES,0.57
2005,ES,BES,0.59
2006,ES,BES,0.65
2007,ES,BES,0.69
2008,ES,BES,0.73
2009,ES,BES,0.71
2010,ES,BES,0.7
2011,ES,BES,0.7
2012,ES,BES,0.69
2013,ES,BES,0.68
2014,ES,BES,0.66
2015,ES,BES,0.64
2016,ES,BES,0.64
2017,ES,BES,0.66
2018,ES,BES,0.7
2019,ES,BES,0.7
2020,ES,BES,0.78
2021,ES,BES,0.79
2022,ES,BES,0.81
2000,FR,BES,1.31
2001,FR,BES,1.36
2002,FR,BES,1.38
2003,FR,BES,1.33
2004,FR,BES,1.33
2005,FR,BES,1.28
2006,FR,BES,1.3
2007,FR,BES,1.28
2008,FR,BES,1.29
2009,FR,BES,1.37
2010,FR,BES,1.38
2011,FR,BES,1.4
2012,FR,BES,1.44
2013,FR,BES,1.44
2014,FR,BES,1.45
2015,FR,BES,1.44
2016,FR,BES,1.45
2017,FR,BES,1.44
2018,FR,BES,1.44
2019,FR,BES,1.45
2020,FR,BES,1.49
2021,FR,BES,1.45
2022,FR,BES,1.47
2002,HR,BES,0.4
2003,HR,BES,0.37
2004,HR,BES,0.42
2005,HR,BES,0.35
2006,HR,BES,0.27
2007,HR,BES,0.32
2008,HR,BES,0.39
2009,HR,BES,0.34
2010,HR,BES,0.32
2011,HR,BES,0.33
2012,HR,BES,0.34
2013,HR,BES,0.4
2014,HR,BES,0.37
2015,HR,BES,0.42
2016,HR,BES,0.39
2017,HR,BES,0.41
2018,HR,BES,0.45
2019,HR,BES,0.52
2020,HR,BES,0.59
2021,HR,BES,0.57
2022,HR,BES,0.76
2000,IT,BES,0.5
2001,IT,BES,0.51
2002,IT,BES,0.52
2003,IT,BES,0.5
2004,IT,BES,0.5
2005,IT,BES,0.53
2006,IT,BES,0.53
2007,IT,BES,0.59
2008,IT,BES,0.62
2009,IT,BES,0.65
2010,IT,BES,0.66
2011,IT,BES,0.66
2012,IT,BES,0.68
2013,IT,BES,0.71
2014,IT,BES,0.76
2015,IT,BES,0.78
2016,IT,BES,0.83
2017,IT,BES,0.85
2018,IT,BES,0.9
2019,IT,BES,0.92
2020,IT,BES,0.93
2021,IT,BES,0.86
2022,IT,BES,0.83
2000,CY,BES,0.05
2001,CY,BES,0.05
2002,CY,BES,0.06
2003,CY,BES,0.07
2004,CY,BES,0.07
2005,CY,BES,0.08
2006,CY,BES,0.09
2007,CY,BES,0.09
2008,CY,BES,0.09
2009,CY,BES,0.09
2010,CY,BES,0.08
2011,CY,BES,0.07
2012,CY,BES,0.07
2013,CY,BES,0.09
2014,CY,BES,0.11
2015,CY,BES,0.11
2016,CY,BES,0.19
2017,CY,BES,0.2
2018,CY,BES,0.25
2019,CY,BES,0.3
2020,CY,BES,0.37
2021,CY,BES,0.34
2022,CY,BES,0.31
2000,LV,BES,0.18
2001,LV,BES,0.15
2002,LV,BES,0.17
2003,LV,BES,0.12
2004,LV,BES,0.18
2005,LV,BES,0.21
2006,LV,BES,0.33
2007,LV,BES,0.18
2008,LV,BES,0.14
2009,LV,BES,0.16
2010,LV,BES,0.22
2011,LV,BES,0.2
2012,LV,BES,0.15
2013,LV,BES,0.17
2014,LV,BES,0.24
2015,LV,BES,0.15
2016,LV,BES,0.11
2017,LV,BES,0.14
2018,LV,BES,0.16
2019,LV,BES,0.17
2020,LV,BES,0.26
2021,LV,BES,0.28
2022,LV,BES,0.28
2000,LT,BES,0.13
2001,LT,BES,0.19
2002,LT,BES,0.11
2003,LT,BES,0.14
2004,LT,BES,0.16
2005,LT,BES,0.15
2006,LT,BES,0.22
2007,LT,BES,0.23
2008,LT,BES,0.19
2009,LT,BES,0.2
2010,LT,BES,0.23
2011,LT,BES,0.24
2012,LT,BES,0.24
2013,LT,BES,0.24
2014,LT,BES,0.32
2015,LT,BES,0.29
2016,LT,BES,0.29
2017,LT,BES,0.33
2018,LT,BES,0.39
2019,LT,BES,0.43
2020,LT,BES,0.53
2021,LT,BES,0.54
2022,LT,BES,0.53
2000,LU,BES,1.47
2003,LU,BES,1.45
2004,LU,BES,1.39
2005,LU,BES,1.35
2006,LU,BES,1.42
2007,LU,BES,1.32
2008,LU,BES,1.2
2009,LU,BES,1.21
2010,LU,BES,0.94
2011,LU,BES,0.94
2012,LU,BES,0.67
2013,LU,BES,0.65
2014,LU,BES,0.64
2015,LU,BES,0.66
2016,LU,BES,0.7
2017,LU,BES,0.69
2018,LU,BES,0.62
2019,LU,BES,0.64
2020,LU,BES,0.55
2021,LU,BES,0.53
2022,LU,BES,0.51
2000,HU,BES,0.35
2001,HU,BES,0.37
2002,HU,BES,0.35
2003,HU,BES,0.34
2004,HU,BES,0.35
2005,HU,BES,0.4
2006,HU,BES,0.47
2007,HU,BES,0.48
2008,HU,BES,0.51
2009,HU,BES,0.65
2010,HU,BES,0.68
2011,HU,BES,0.74
2012,HU,BES,0.82
2013,HU,BES,0.96
2014,HU,BES,0.96
2015,HU,BES,0.98
2016,HU,BES,0.87
2017,HU,BES,0.96
2018,HU,BES,1.14
2019,HU,BES,1.11
2020,HU,BES,1.22
2021,HU,BES,1.24
2022,HU,BES,1
2002,MT,BES,0.06
2003,MT,BES,0.07
2004,MT,BES,0.32
2005,MT,BES,0.35
2006,MT,BES,0.38
2007,MT,BES,0.36
2008,MT,BES,0.35
2009,MT,BES,0.32
2010,MT,BES,0.36
2011,MT,BES,0.43
2012,MT,BES,0.46
2013,MT,BES,0.38
2014,MT,BES,0.38
2015,MT,BES,0.37
2016,MT,BES,0.34
2017,MT,BES,0.36
2018,MT,BES,0.36
2019,MT,BES,0.35
2020,MT,BES,0.41
2021,MT,BES,0.42
2022,MT,BES,0.37
2000,NL,BES,0.99
2001,NL,BES,0.98
2002,NL,BES,0.9
2003,NL,BES,0.93
2004,NL,BES,0.95
2005,NL,BES,0.93
2006,NL,BES,0.93
2007,NL,BES,0.88
2008,NL,BES,0.81
2009,NL,BES,0.78
2010,NL,BES,0.81
2011,NL,BES,1.06
2012,NL,BES,1.08
2013,NL,BES,1.4
2014,NL,BES,1.39
2015,NL,BES,1.36
2016,NL,BES,1.39
2017,NL,BES,1.42
2018,NL,BES,1.4
2019,NL,BES,1.43
2020,NL,BES,1.51
2021,NL,BES,1.46
2022,NL,BES,1.49
2002,AT,BES,1.38
2004,AT,BES,1.47
2005,AT,BES,1.66
2006,AT,BES,1.66
2007,AT,BES,1.71
2008,AT,BES,1.78
2009,AT,BES,1.77
2010,AT,BES,1.87
2011,AT,BES,1.84
2012,AT,BES,2.05
2013,AT,BES,2.09
2014,AT,BES,2.2
2015,AT,BES,2.18
2016,AT,BES,2.19
2017,AT,BES,2.14
2018,AT,BES,2.16
2019,AT,BES,2.2
2020,AT,BES,2.23
2021,AT,BES,2.25
2022,AT,BES,2.19
2000,PL,BES,0.23
2001,PL,BES,0.22
2002,PL,BES,0.11
2003,PL,BES,0.15
2004,PL,BES,0.16
2005,PL,BES,0.18
2006,PL,BES,0.17
2007,PL,BES,0.17
2008,PL,BES,0.19
2009,PL,BES,0.19
2010,PL,BES,0.19
2011,PL,BES,0.23
2012,PL,BES,0.33
2013,PL,BES,0.39
2014,PL,BES,0.44
2015,PL,BES,0.47
2016,PL,BES,0.64
2017,PL,BES,0.67
2018,PL,BES,0.8
2019,PL,BES,0.83
2020,PL,BES,0.87
2021,PL,BES,0.9
2022,PL,BES,0.96
2000,PT,BES,0.2
2001,PT,BES,0.24
2002,PT,BES,0.23
2003,PT,BES,0.23
2004,PT,BES,0.26
2005,PT,BES,0.29
2006,PT,BES,0.44
2007,PT,BES,0.58
2008,PT,BES,0.72
2009,PT,BES,0.75
2010,PT,BES,0.71
2011,PT,BES,0.69
2012,PT,BES,0.69
2013,PT,BES,0.63
2014,PT,BES,0.6
2015,PT,BES,0.58
2016,PT,BES,0.62
2017,PT,BES,0.67
2018,PT,BES,0.69
2019,PT,BES,0.73
2020,PT,BES,0.92
2021,PT,BES,1
2022,PT,BES,1.06
2000,RO,BES,0.25
2001,RO,BES,0.24
2002,RO,BES,0.23
2003,RO,BES,0.23
2004,RO,BES,0.22
2005,RO,BES,0.21
2006,RO,BES,0.22
2007,RO,BES,0.21
2008,RO,BES,0.17
2009,RO,BES,0.18
2010,RO,BES,0.17
2011,RO,BES,0.17
2012,RO,BES,0.18
2013,RO,BES,0.12
2014,RO,BES,0.16
2015,RO,BES,0.21
2016,RO,BES,0.27
2017,RO,BES,0.29
2018,RO,BES,0.3
2019,RO,BES,0.28
2020,RO,BES,0.27
2021,RO,BES,0.29
2022,RO,BES,0.29
2000,SI,BES,0.77
2001,SI,BES,0.85
2002,SI,BES,0.86
2003,SI,BES,0.8
2004,SI,BES,0.92
2005,SI,BES,0.83
2006,SI,BES,0.93
2007,SI,BES,0.85
2008,SI,BES,1.05
2009,SI,BES,1.17
2010,SI,BES,1.39
2011,SI,BES,1.78
2012,SI,BES,1.94
2013,SI,BES,1.96
2014,SI,BES,1.83
2015,SI,BES,1.67
2016,SI,BES,1.52
2017,SI,BES,1.39
2018,SI,BES,1.44
2019,SI,BES,1.51
2020,SI,BES,1.57
2021,SI,BES,1.56
2022,SI,BES,1.47
2000,SK,BES,0.42
2001,SK,BES,0.42
2002,SK,BES,0.36
2003,SK,BES,0.31
2004,SK,BES,0.25
2005,SK,BES,0.25
2006,SK,BES,0.2
2007,SK,BES,0.18
2008,SK,BES,0.2
2009,SK,BES,0.19
2010,SK,BES,0.25
2011,SK,BES,0.24
2012,SK,BES,0.33
2013,SK,BES,0.38
2014,SK,BES,0.32
2015,SK,BES,0.32
2016,SK,BES,0.4
2017,SK,BES,0.48
2018,SK,BES,0.45
2019,SK,BES,0.45
2020,SK,BES,0.49
2021,SK,BES,0.51
2022,SK,BES,0.56
2000,FI,BES,2.3
2001,FI,BES,2.27
2002,FI,BES,2.27
2003,FI,BES,2.32
2004,FI,BES,2.32
2005,FI,BES,2.35
2006,FI,BES,2.38
2007,FI,BES,2.41
2008,FI,BES,2.63
2009,FI,BES,2.67
2010,FI,BES,2.58
2011,FI,BES,2.55
2012,FI,BES,2.34
2013,FI,BES,2.25
2014,FI,BES,2.13
2015,FI,BES,1.91
2016,FI,BES,1.79
2017,FI,BES,1.78
2018,FI,BES,1.81
2019,FI,BES,1.84
2020,FI,BES,1.95
2021,FI,BES,2.06
2022,FI,BES,2.02
2001,SE,BES,3
2003,SE,BES,2.66
2004,SE,BES,2.48
2005,SE,BES,2.45
2006,SE,BES,2.6
2007,SE,BES,2.37
2008,SE,BES,2.59
2009,SE,BES,2.42
2010,SE,BES,2.19
2011,SE,BES,2.22
2012,SE,BES,2.2
2013,SE,BES,2.26
2014,SE,BES,2.09
2015,SE,BES,2.26
2016,SE,BES,2.27
2017,SE,BES,2.42
2018,SE,BES,2.37
2019,SE,BES,2.44
2020,SE,BES,2.53
2021,SE,BES,2.47
2022,SE,BES,2.56
2000,IS,BES,1.45
2001,IS,BES,1.67
2002,IS,BES,1.61
2003,IS,BES,1.4
2005,IS,BES,1.38
2006,IS,BES,1.52
2007,IS,BES,1.38
2008,IS,BES,1.34
2009,IS,BES,1.31
2010,IS,BES,1.27
2011,IS,BES,1.28
2013,IS,BES,0.95
2014,IS,BES,1.18
2015,IS,BES,1.44
2016,IS,BES,1.36
2017,IS,BES,1.34
2018,IS,BES,1.29
2019,IS,BES,1.61
2020,IS,BES,1.69
2021,IS,BES,1.99
2022,IS,BES,1.88
2001,NO,BES,0.93
2002,NO,BES,0.93
2003,NO,BES,0.96
2004,NO,BES,0.84
2005,NO,BES,0.79
2006,NO,BES,0.77
2007,NO,BES,0.82
2008,NO,BES,0.82
2009,NO,BES,0.89
2010,NO,BES,0.84
2011,NO,BES,0.84
2012,NO,BES,0.84
2013,NO,BES,0.86
2014,NO,BES,0.92
2015,NO,BES,1.04
2016,NO,BES,1.08
2017,NO,BES,1.1
2018,NO,BES,1.05
2019,NO,BES,1.13
2020,NO,BES,1.22
2021,NO,BES,1.02
2022,NO,BES,0.86
2000,CH,BES,1.67
2004,CH,BES,1.92
2008,CH,BES,1.95
2012,CH,BES,1.99
2015,CH,BES,2.09
2017,CH,BES,2.06
2019,CH,BES,2.16
2021,CH,BES,2.26
2000,UK,BES,1.05
2001,UK,BES,1.05
2002,UK,BES,1.05
2003,UK,BES,1.01
2004,UK,BES,0.96
2005,UK,BES,0.96
2006,UK,BES,0.97
2007,UK,BES,1.01
2008,UK,BES,1
2009,UK,BES,1.01
2010,UK,BES,1
2011,UK,BES,1.05
2012,UK,BES,1
2013,UK,BES,1.04
2014,UK,BES,1.07
2015,UK,BES,1.09
2016,UK,BES,1.11
2017,UK,BES,1.14
2018,UK,BES,1.17
2019,UK,BES,1.19
2012,BA,BES,0.16
2013,BA,BES,0.19
2014,BA,BES,0.05
2019,BA,BES,0.07
2020,BA,BES,0.08
2021,BA,BES,0.07
2011,ME,BES,0.09
2013,ME,BES,0.18
2014,ME,BES,0.14
2015,ME,BES,0.11
2016,ME,BES,0.05
2017,ME,BES,0.07
2018,ME,BES,0.19
2019,ME,BES,0.05
2015,MK,BES,0.08
2016,MK,BES,0.1
2017,MK,BES,0.09
2018,MK,BES,0.11
2019,MK,BES,0.1
2020,MK,BES,0.1
2022,MK,BES,0.1
2009,RS,BES,0.12
2010,RS,BES,0.08
2011,RS,BES,0.06
2012,RS,BES,0.21
2013,RS,BES,0.09
2014,RS,BES,0.21
2015,RS,BES,0.26
2016,RS,BES,0.31
2017,RS,BES,0.32
2018,RS,BES,0.36
2019,RS,BES,0.35
2020,RS,BES,0.35
2021,RS,BES,0.45
2022,RS,BES,0.42
2000,TR,BES,0.16
2001,TR,BES,0.18
2002,TR,BES,0.15
2003,TR,BES,0.11
2004,TR,BES,0.12
2005,TR,BES,0.19
2006,TR,BES,0.2
2007,TR,BES,0.28
2008,TR,BES,0.3
2009,TR,BES,0.32
2010,TR,BES,0.34
2011,TR,BES,0.34
2012,TR,BES,0.37
2013,TR,BES,0.39
2014,TR,BES,0.43
2015,TR,BES,0.48
2016,TR,BES,0.56
2017,TR,BES,0.59
2018,TR,BES,0.67
2019,TR,BES,0.74
2020,TR,BES,0.76
2021,TR,BES,0.86
2022,TR,BES,0.81
2000,RU,BES,0.69
2001,RU,BES,0.77
2002,RU,BES,0.81
2003,RU,BES,0.82
2004,RU,BES,0.74
2005,RU,BES,0.68
2006,RU,BES,0.67
2007,RU,BES,0.67
2008,RU,BES,0.61
2009,RU,BES,0.73
2010,RU,BES,0.64
2011,RU,BES,0.62
2012,RU,BES,0.6
2013,RU,BES,0.62
2014,RU,BES,0.64
2015,RU,BES,0.65
2017,RU,BES,0.67
2018,RU,BES,0.55
2019,RU,BES,0.63
2000,BE,GOV,0.12
2001,BE,GOV,0.13
2002,BE,GOV,0.14
2003,BE,GOV,0.13
2004,BE,GOV,0.14
2005,BE,GOV,0.15
2006,BE,GOV,0.15
2007,BE,GOV,0.15
2008,BE,GOV,0.17
2009,BE,GOV,0.18
2010,BE,GOV,0.17
2011,BE,GOV,0.18
2012,BE,GOV,0.19
2013,BE,GOV,0.2
2014,BE,GOV,0.21
2015,BE,GOV,0.22
2016,BE,GOV,0.24
2017,BE,GOV,0.25
2018,BE,GOV,0.26
2019,BE,GOV,0.28
2020,BE,GOV,0.3
2021,BE,GOV,0.29
2022,BE,GOV,0.29
2000,BG,GOV,0.34
2001,BG,GOV,0.3
2002,BG,GOV,0.33
2003,BG,GOV,0.33
2004,BG,GOV,0.32
2005,BG,GOV,0.3
2006,BG,GOV,0.28
2007,BG,GOV,0.25
2008,BG,GOV,0.26
2009,BG,GOV,0.27
2010,BG,GOV,0.21
2011,BG,GOV,0.19
2012,BG,GOV,0.18
2013,BG,GOV,0.19
2014,BG,GOV,0.2
2015,BG,GOV,0.2
2016,BG,GOV,0.16
2017,BG,GOV,0.17
2018,BG,GOV,0.17
2019,BG,GOV,0.21
2020,BG,GOV,0.22
2021,BG,GOV,0.21
2022,BG,GOV,0.19
2000,CZ,GOV,0.28
2001,CZ,GOV,0.26
2002,CZ,GOV,0.25
2003,CZ,GOV,0.27
2004,CZ,GOV,0.25
2005,CZ,GOV,0.26
2006,CZ,GOV,0.27
2007,CZ,GOV,0.3
2008,CZ,GOV,0.29
2009,CZ,GOV,0.31
2010,CZ,GOV,0.3
2011,CZ,GOV,0.32
2012,CZ,GOV,0.34
2013,CZ,GOV,0.36
2014,CZ,GOV,0.37
2015,CZ,GOV,0.39
2016,CZ,GOV,0.3
2017,CZ,GOV,0.3
2018,CZ,GOV,0.31
2019,CZ,GOV,0.31
2020,CZ,GOV,0.33
2021,CZ,GOV,0.32
2022,CZ,GOV,0.3
2000,DK,GOV,0.28
2001,DK,GOV,0.27
2002,DK,GOV,0.18
2003,DK,GOV,0.18
2004,DK,GOV,0.17
2005,DK,GOV,0.15
2006,DK,GOV,0.16
2007,DK,GOV,0.08
2008,DK,GOV,0.07
2009,DK,GOV,0.06
2010,DK,GOV,0.06
2011,DK,GOV,0.06
2012,DK,GOV,0.07
2013,DK,GOV,0.07
2014,DK,GOV,0.07
2015,DK,GOV,0.07
2016,DK,GOV,0.07
2017,DK,GOV,0.09
2018,DK,GOV,0.09
2019,DK,GOV,0.09
2020,DK,GOV,0.1
2021,DK,GOV,0.09
2022,DK,GOV,0.09
2000,DE,GOV,0.33
2001,DE,GOV,0.33
2002,DE,GOV,0.33
2003,DE,GOV,0.33
2004,DE,GOV,0.33
2005,DE,GOV,0.34
2006,DE,GOV,0.34
2007,DE,GOV,0.34
2008,DE,GOV,0.37
2009,DE,GOV,0.41
2010,DE,GOV,0.4
2011,DE,GOV,0.41
2012,DE,GOV,0.41
2013,DE,GOV,0.42
2014,DE,GOV,0.42
2015,DE,GOV,0.41
2016,DE,GOV,0.41
2017,DE,GOV,0.41
2018,DE,GOV,0.42
2019,DE,GOV,0.43
2020,DE,GOV,0.46
2021,DE,GOV,0.46
2022,DE,GOV,0.38
2000,EE,GOV,0.14
2001,EE,GOV,0.1
2002,EE,GOV,0.12
2003,EE,GOV,0.12
2004,EE,GOV,0.11
2005,EE,GOV,0.1
2006,EE,GOV,0.15
2007,EE,GOV,0.09
2008,EE,GOV,0.15
2009,EE,GOV,0.15
2010,EE,GOV,0.17
2011,EE,GOV,0.19
2012,EE,GOV,0.2
2013,EE,GOV,0.15
2014,EE,GOV,0.16
2015,EE,GOV,0.16
2016,EE,GOV,0.14
2017,EE,GOV,0.15
2018,EE,GOV,0.16
2019,EE,GOV,0.17
2020,EE,GOV,0.17
2021,EE,GOV,0.16
2022,EE,GOV,0.18
2000,IE,GOV,0.09
2001,IE,GOV,0.09
2002,IE,GOV,0.09
2003,IE,GOV,0.09
2004,IE,GOV,0.09
2005,IE,GOV,0.09
2006,IE,GOV,0.08
2007,IE,GOV,0.09
2008,IE,GOV,0.09
2009,IE,GOV,0.08
2010,IE,GOV,0.08
2011,IE,GOV,0.08
2012,IE,GOV,0.07
2013,IE,GOV,0.07
2014,IE,GOV,0.06
2015,IE,GOV,0.05
2016,IE,GOV,0.05
2017,IE,GOV,0.05
2018,IE,GOV,0.05
2019,IE,GOV,0.05
2020,IE,GOV,0.04
2021,IE,GOV,0.04
2022,IE,GOV,0.03
2001,EL,GOV,0.12
2003,EL,GOV,0.11
2004,EL,GOV,0.1
2005,EL,GOV,0.12
2006,EL,GOV,0.12
2007,EL,GOV,0.12
2008,EL,GOV,0.23
2009,EL,GOV,0.16
2010,EL,GOV,0.14
2011,EL,GOV,0.16
2012,EL,GOV,0.18
2013,EL,GOV,0.23
2014,EL,GOV,0.23
2015,EL,GOV,0.27
2016,EL,GOV,0.25
2017,EL,GOV,0.26
2018,EL,GOV,0.27
2019,EL,GOV,0.29
2020,EL,GOV,0.33
2021,EL,GOV,0.33
2022,EL,GOV,0.31
2000,ES,GOV,0.14
2001,ES,GOV,0.14
2002,ES,GOV,0.15
2003,ES,GOV,0.16
2004,ES,GOV,0.17
2005,ES,GOV,0.19
2006,ES,GOV,0.2
2007,ES,GOV,0.22
2008,ES,GOV,0.24
2009,ES,GOV,0.27
2010,ES,GOV,0.27
2011,ES,GOV,0.26
2012,ES,GOV,0.25
2013,ES,GOV,0.24
2014,ES,GOV,0.23
2015,ES,GOV,0.23
2016,ES,GOV,0.22
2017,ES,GOV,0.21
2018,ES,GOV,0.21
2019,ES,GOV,0.21
2020,ES,GOV,0.25
2021,ES,GOV,0.24
2022,ES,GOV,0.25
2000,FR,GOV,0.36
2001,FR,GOV,0.36
2002,FR,GOV,0.36
2003,FR,GOV,0.36
2004,FR,GOV,0.36
2005,FR,GOV,0.37
2006,FR,GOV,0.34
2007,FR,GOV,0.33
2008,FR,GOV,0.33
2009,FR,GOV,0.36
2010,FR,GOV,0.31
2011,FR,GOV,0.3
2012,FR,GOV,0.29
2013,FR,GOV,0.29
2014,FR,GOV,0.29
2015,FR,GOV,0.29
2016,FR,GOV,0.28
2017,FR,GOV,0.27
2018,FR,GOV,0.27
2019,FR,GOV,0.27
2020,FR,GOV,0.27
2021,FR,GOV,0.26
2022,FR,GOV,0.26
2002,HR,GOV,0.21
2003,HR,GOV,0.21
2004,HR,GOV,0.21
2005,HR,GOV,0.2
2006,HR,GOV,0.19
2007,HR,GOV,0.2
2008,HR,GOV,0.22
2009,HR,GOV,0.23
2010,HR,GOV,0.2
2011,HR,GOV,0.2
2012,HR,GOV,0.2
2013,HR,GOV,0.2
2014,HR,GOV,0.2
2015,HR,GOV,0.2
2016,HR,GOV,0.18
2017,HR,GOV,0.19
2018,HR,GOV,0.19
2019,HR,GOV,0.2
2020,HR,GOV,0.25
2021,HR,GOV,0.26
2022,HR,GOV,0.25
2000,IT,GOV,0.19
2001,IT,GOV,0.19
2002,IT,GOV,0.19
2003,IT,GOV,0.19
2004,IT,GOV,0.19
2005,IT,GOV,0.18
2006,IT,GOV,0.19
2007,IT,GOV,0.16
2008,IT,GOV,0.15
2009,IT,GOV,0.16
2010,IT,GOV,0.17
2011,IT,GOV,0.16
2012,IT,GOV,0.19
2013,IT,GOV,0.18
2014,IT,GOV,0.18
2015,IT,GOV,0.18
2016,IT,GOV,0.17
2017,IT,GOV,0.17
2018,IT,GOV,0.18
2019,IT,GOV,0.18
2020,IT,GOV,0.2
2021,IT,GOV,0.2
2022,IT,GOV,0.19
2000,CY,GOV,0.11
2001,CY,GOV,0.11
2002,CY,GOV,0.11
2003,CY,GOV,0.12
2004,CY,GOV,0.12
2005,CY,GOV,0.12
2006,CY,GOV,0.11
2007,CY,GOV,0.1
2008,CY,GOV,0.09
2009,CY,GOV,0.09
2010,CY,GOV,0.09
2011,CY,GOV,0.07
2012,CY,GOV,0.07
2013,CY,GOV,0.07
2014,CY,GOV,0.07
2015,CY,GOV,0.06
2016,CY,GOV,0.06
2017,CY,GOV,0.05
2018,CY,GOV,0.05
2019,CY,GOV,0.05
2020,CY,GOV,0.05
2021,CY,GOV,0.05
2022,CY,GOV,0.04
2000,LV,GOV,0.1
2001,LV,GOV,0.09
2002,LV,GOV,0.08
2003,LV,GOV,0.08
2004,LV,GOV,0.08
2005,LV,GOV,0.1
2006,LV,GOV,0.1
2007,LV,GOV,0.13
2008,LV,GOV,0.16
2009,LV,GOV,0.11
2010,LV,GOV,0.14
2011,LV,GOV,0.17
2012,LV,GOV,0.18
2013,LV,GOV,0.18
2014,LV,GOV,0.17
2015,LV,GOV,0.16
2016,LV,GOV,0.14
2017,LV,GOV,0.13
2018,LV,GOV,0.15
2019,LV,GOV,0.12
2020,LV,GOV,0.13
2021,LV,GOV,0.14
2022,LV,GOV,0.13
2000,LT,GOV,0.25
2001,LT,GOV,0.26
2002,LT,GOV,0.22
2003,LT,GOV,0.18
2004,LT,GOV,0.19
2005,LT,GOV,0.19
2006,LT,GOV,0.18
2007,LT,GOV,0.17
2008,LT,GOV,0.18
2009,LT,GOV,0.19
2010,LT,GOV,0.14
2011,LT,GOV,0.18
2012,LT,GOV,0.17
2013,LT,GOV,0.19
2014,LT,GOV,0.18
2015,LT,GOV,0.18
2016,LT,GOV,0.22
2017,LT,GOV,0.25
2018,LT,GOV,0.21
2019,LT,GOV,0.2
2020,LT,GOV,0.18
2021,LT,GOV,0.17
2022,LT,GOV,0.15
2000,LU,GOV,0.11
2001,LU,GOV,0.14
2002,LU,GOV,0.15
2003,LU,GOV,0.17
2004,LU,GOV,0.17
2005,LU,GOV,0.19
2006,LU,GOV,0.19
2007,LU,GOV,0.21
2008,LU,GOV,0.25
2009,LU,GOV,0.26
2010,LU,GOV,0.3
2011,LU,GOV,0.33
2012,LU,GOV,0.34
2013,LU,GOV,0.36
2014,LU,GOV,0.36
2015,LU,GOV,0.36
2016,LU,GOV,0.32
2017,LU,GOV,0.3
2018,LU,GOV,0.31
2019,LU,GOV,0.28
2020,LU,GOV,0.28
2021,LU,GOV,0.25
2022,LU,GOV,0.27
2000,HU,GOV,0.21
2001,HU,GOV,0.24
2002,HU,GOV,0.32
2003,HU,GOV,0.29
2004,HU,GOV,0.25
2005,HU,GOV,0.26
2006,HU,GOV,0.25
2007,HU,GOV,0.23
2008,HU,GOV,0.23
2009,HU,GOV,0.23
2010,HU,GOV,0.21
2011,HU,GOV,0.19
2012,HU,GOV,0.18
2013,HU,GOV,0.21
2014,HU,GOV,0.18
2015,HU,GOV,0.18
2016,HU,GOV,0.16
2017,HU,GOV,0.17
2018,HU,GOV,0.16
2019,HU,GOV,0.15
2020,HU,GOV,0.16
2021,HU,GOV,0.17
2022,HU,GOV,0.17
2002,MT,GOV,0.04
2003,MT,GOV,0.02
2004,MT,GOV,0.01
2005,MT,GOV,0.02
2006,MT,GOV,0.03
2007,MT,GOV,0.01
2008,MT,GOV,0.02
2009,MT,GOV,0.02
2010,MT,GOV,0.02
2011,MT,GOV,0.03
2012,MT,GOV,0.06
2013,MT,GOV,0.07
2014,MT,GOV,0.07
2015,MT,GOV,0.12
2016,MT,GOV,0.01
2017,MT,GOV,0.01
2018,MT,GOV,0.01
2019,MT,GOV,0.01
2020,MT,GOV,0.01
2021,MT,GOV,0.01
2022,MT,GOV,0.01
2000,NL,GOV,0.22
2001,NL,GOV,0.24
2002,NL,GOV,0.22
2003,NL,GOV,0.24
2004,NL,GOV,0.24
2005,NL,GOV,0.22
2006,NL,GOV,0.21
2007,NL,GOV,0.2
2008,NL,GOV,0.19
2009,NL,GOV,0.21
2010,NL,GOV,0.2
2011,NL,GOV,0.2
2012,NL,GOV,0.23
2013,NL,GOV,0.13
2014,NL,GOV,0.13
2015,NL,GOV,0.13
2016,NL,GOV,0.13
2017,NL,GOV,0.12
2018,NL,GOV,0.12
2019,NL,GOV,0.12
2020,NL,GOV,0.13
2021,NL,GOV,0.12
2022,NL,GOV,0.1
2002,AT,GOV,0.12
2004,AT,GOV,0.11
2005,AT,GOV,0.12
2006,AT,GOV,0.12
2007,AT,GOV,0.13
2008,AT,GOV,0.14
2009,AT,GOV,0.14
2010,AT,GOV,0.14
2011,AT,GOV,0.14
2012,AT,GOV,0.13
2013,AT,GOV,0.13
2014,AT,GOV,0.14
2015,AT,GOV,0.14
2016,AT,GOV,0.22
2017,AT,GOV,0.22
2018,AT,GOV,0.22
2019,AT,GOV,0.23
2020,AT,GOV,0.24
2021,AT,GOV,0.25
2022,AT,GOV,0.24
2000,PL,GOV,0.21
2001,PL,GOV,0.19
2002,PL,GOV,0.25
2003,PL,GOV,0.22
2004,PL,GOV,0.22
2005,PL,GOV,0.2
2006,PL,GOV,0.2
2007,PL,GOV,0.2
2008,PL,GOV,0.21
2009,PL,GOV,0.23
2010,PL,GOV,0.26
2011,PL,GOV,0.26
2012,PL,GOV,0.25
2013,PL,GOV,0.24
2014,PL,GOV,0.23
2015,PL,GOV,0.24
2016,PL,GOV,0.02
2017,PL,GOV,0.02
2018,PL,GOV,0.02
2019,PL,GOV,0.02
2020,PL,GOV,0.03
2021,PL,GOV,0.03
2022,PL,GOV,0.03
2000,PT,GOV,0.17
2001,PT,GOV,0.16
2002,PT,GOV,0.14
2003,PT,GOV,0.12
2004,PT,GOV,0.11
2005,PT,GOV,0.11
2006,PT,GOV,0.11
2007,PT,GOV,0.11
2008,PT,GOV,0.11
2009,PT,GOV,0.12
2010,PT,GOV,0.11
2011,PT,GOV,0.11
2012,PT,GOV,0.07
2013,PT,GOV,0.09
2014,PT,GOV,0.08
2015,PT,GOV,0.08
2016,PT,GOV,0.07
2017,PT,GOV,0.07
2018,PT,GOV,0.07
2019,PT,GOV,0.07
2020,PT,GOV,0.08
2021,PT,GOV,0.08
2022,PT,GOV,0.07
2000,RO,GOV,0.07
2001,RO,GOV,0.11
2002,RO,GOV,0.09
2003,RO,GOV,0.13
2004,RO,GOV,0.13
2005,RO,GOV,0.14
2006,RO,GOV,0.15
2007,RO,GOV,0.17
2008,RO,GOV,0.23
2009,RO,GOV,0.15
2010,RO,GOV,0.16
2011,RO,GOV,0.19
2012,RO,GOV,0.19
2013,RO,GOV,0.19
2014,RO,GOV,0.16
2015,RO,GOV,0.19
2016,RO,GOV,0.16
2017,RO,GOV,0.16
2018,RO,GOV,0.15
2019,RO,GOV,0.15
2020,RO,GOV,0.15
2021,RO,GOV,0.14
2022,RO,GOV,0.13
2000,SI,GOV,0.35
2001,SI,GOV,0.36
2002,SI,GOV,0.33
2003,SI,GOV,0.28
2004,SI,GOV,0.27
2005,SI,GOV,0.34
2006,SI,GOV,0.38
2007,SI,GOV,0.35
2008,SI,GOV,0.36
2009,SI,GOV,0.38
2010,SI,GOV,0.37
2011,SI,GOV,0.34
2012,SI,GOV,0.34
2013,SI,GOV,0.33
2014,SI,GOV,0.29
2015,SI,GOV,0.3
2016,SI,GOV,0.27
2017,SI,GOV,0.26
2018,SI,GOV,0.26
2019,SI,GOV,0.28
2020,SI,GOV,0.29
2021,SI,GOV,0.29
2022,SI,GOV,0.33
2000,SK,GOV,0.16
2001,SK,GOV,0.15
2002,SK,GOV,0.15
2003,SK,GOV,0.18
2004,SK,GOV,0.15
2005,SK,GOV,0.15
2006,SK,GOV,0.16
2007,SK,GOV,0.16
2008,SK,GOV,0.15
2009,SK,GOV,0.16
2010,SK,GOV,0.18
2011,SK,GOV,0.18
2012,SK,GOV,0.19
2013,SK,GOV,0.17
2014,SK,GOV,0.25
2015,SK,GOV,0.32
2016,SK,GOV,0.17
2017,SK,GOV,0.18
2018,SK,GOV,0.18
2019,SK,GOV,0.16
2020,SK,GOV,0.18
2021,SK,GOV,0.17
2022,SK,GOV,0.17
2000,FI,GOV,0.34
2001,FI,GOV,0.33
2002,FI,GOV,0.34
2003,FI,GOV,0.32
2004,FI,GOV,0.31
2005,FI,GOV,0.32
2006,FI,GOV,0.31
2007,FI,GOV,0.28
2008,FI,GOV,0.28
2009,FI,GOV,0.34
2010,FI,GOV,0.34
2011,FI,GOV,0.32
2012,FI,GOV,0.31
2013,FI,GOV,0.29
2014,FI,GOV,0.27
2015,FI,GOV,0.23
2016,FI,GOV,0.22
2017,FI,GOV,0.23
2018,FI,GOV,0.23
2019,FI,GOV,0.23
2020,FI,GOV,0.22
2021,FI,GOV,0.22
2022,FI,GOV,0.22
2001,SE,GOV,0.11
2003,SE,GOV,0.13
2004,SE,GOV,0.1
2005,SE,GOV,0.16
2006,SE,GOV,0.16
2007,SE,GOV,0.16
2008,SE,GOV,0.16
2009,SE,GOV,0.15
2010,SE,GOV,0.16
2011,SE,GOV,0.14
2012,SE,GOV,0.16
2013,SE,GOV,0.12
2014,SE,GOV,0.12
2015,SE,GOV,0.11
2016,SE,GOV,0.11
2017,SE,GOV,0.12
2018,SE,GOV,0.12
2019,SE,GOV,0.15
2020,SE,GOV,0.15
2021,SE,GOV,0.15
2022,SE,GOV,0.15
2000,IS,GOV,0.66
2001,IS,GOV,0.57
2002,IS,GOV,0.69
2003,IS,GOV,0.67
2005,IS,GOV,0.63
2006,IS,GOV,0.58
2007,IS,GOV,0.45
2008,IS,GOV,0.44
2009,IS,GOV,0.57
2011,IS,GOV,0.43
2013,IS,GOV,0.12
2014,IS,GOV,0.12
2015,IS,GOV,0.1
2016,IS,GOV,0.1
2017,IS,GOV,0.09
2018,IS,GOV,0.08
2019,IS,GOV,0.08
2020,IS,GOV,0.09
2021,IS,GOV,0.08
2022,IS,GOV,0.07
2001,NO,GOV,0.23
2002,NO,GOV,0.26
2003,NO,GOV,0.25
2004,NO,GOV,0.24
2005,NO,GOV,0.23
2006,NO,GOV,0.23
2007,NO,GOV,0.24
2008,NO,GOV,0.23
2009,NO,GOV,0.28
2010,NO,GOV,0.27
2011,NO,GOV,0.27
2012,NO,GOV,0.26
2013,NO,GOV,0.26
2014,NO,GOV,0.26
2015,NO,GOV,0.29
2016,NO,GOV,0.29
2017,NO,GOV,0.28
2018,NO,GOV,0.28
2019,NO,GOV,0.27
2020,NO,GOV,0.28
2021,NO,GOV,0.25
2022,NO,GOV,0.19
2000,CH,GOV,0.03
2002,CH,GOV,0.03
2004,CH,GOV,0.03
2006,CH,GOV,0.02
2008,CH,GOV,0.02
2010,CH,GOV,0.02
2012,CH,GOV,0.02
2014,CH,GOV,0.03
2015,CH,GOV,0.03
2017,CH,GOV,0.03
2019,CH,GOV,0.03
2021,CH,GOV,0.03
2022,CH,GOV,0.03
2000,UK,GOV,0.2
2001,UK,GOV,0.16
2002,UK,GOV,0.15
2003,UK,GOV,0.16
2004,UK,GOV,0.16
2005,UK,GOV,0.16
2006,UK,GOV,0.16
2007,UK,GOV,0.15
2008,UK,GOV,0.15
2009,UK,GOV,0.15
2010,UK,GOV,0.16
2011,UK,GOV,0.14
2012,UK,GOV,0.13
2013,UK,GOV,0.13
2014,UK,GOV,0.12
2015,UK,GOV,0.11
2016,UK,GOV,0.11
2017,UK,GOV,0.11
2018,UK,GOV,0.11
2019,UK,GOV,0.12
2012,BA,GOV,0.04
2013,BA,GOV,0.02
2014,BA,GOV,0.05
2019,BA,GOV,0.01
2020,BA,GOV,0.01
2021,BA,GOV,0.01
2011,ME,GOV,0.08
2013,ME,GOV,0.06
2014,ME,GOV,0.08
2015,ME,GOV,0.07
2016,ME,GOV,0.07
2017,ME,GOV,0.1
2018,ME,GOV,0.13
2019,ME,GOV,0.18
2015,MK,GOV,0.06
2016,MK,GOV,0.05
2017,MK,GOV,0.04
2018,MK,GOV,0.04
2019,MK,GOV,0.03
2020,MK,GOV,0.04
2022,MK,GOV,0.03
2009,RS,GOV,0.25
2010,RS,GOV,0.26
2011,RS,GOV,0.23
2012,RS,GOV,0.25
2013,RS,GOV,0.23
2014,RS,GOV,0.18
2015,RS,GOV,0.22
2016,RS,GOV,0.22
2017,RS,GOV,0.24
2018,RS,GOV,0.26
2019,RS,GOV,0.23
2020,RS,GOV,0.27
2021,RS,GOV,0.26
2022,RS,GOV,0.25
2000,TR,GOV,0.03
2001,TR,GOV,0.04
2002,TR,GOV,0.04
2003,TR,GOV,0.05
2004,TR,GOV,0.04
2005,TR,GOV,0.07
2006,TR,GOV,0.06
2007,TR,GOV,0.07
2008,TR,GOV,0.08
2009,TR,GOV,0.1
2010,TR,GOV,0.09
2011,TR,GOV,0.09
2012,TR,GOV,0.09
2013,TR,GOV,0.08
2014,TR,GOV,0.08
2015,TR,GOV,0.09
2016,TR,GOV,0.09
2017,TR,GOV,0.09
2018,TR,GOV,0.09
2019,TR,GOV,0.07
2020,TR,GOV,0.07
2021,TR,GOV,0.06
2022,TR,GOV,0.06
2000,RU,GOV,0.24
2001,RU,GOV,0.27
2002,RU,GOV,0.28
2003,RU,GOV,0.3
2004,RU,GOV,0.27
2005,RU,GOV,0.26
2006,RU,GOV,0.27
2007,RU,GOV,0.3
2008,RU,GOV,0.29
2009,RU,GOV,0.35
2010,RU,GOV,0.33
2011,RU,GOV,0.3
2012,RU,GOV,0.33
2013,RU,GOV,0.31
2014,RU,GOV,0.33
2015,RU,GOV,0.34
2017,RU,GOV,0.34
2018,RU,GOV,0.34
2019,RU,GOV,0.29
2000,BE,HES,0.39
2001,BE,HES,0.4
2002,BE,HES,0.4
2003,BE,HES,0.41
2004,BE,HES,0.4
2005,BE,HES,0.4
2006,BE,HES,0.39
2007,BE,HES,0.39
2008,BE,HES,0.42
2009,BE,HES,0.47
2010,BE,HES,0.48
2011,BE,HES,0.49
2012,BE,HES,0.49
2013,BE,HES,0.51
2014,BE,HES,0.49
2015,BE,HES,0.49
2016,BE,HES,0.53
2017,BE,HES,0.53
2018,BE,HES,0.53
2019,BE,HES,0.53
2020,BE,HES,0.57
2021,BE,HES,0.55
2022,BE,HES,0.57
2000,BG,HES,0.05
2001,BG,HES,0.05
2002,BG,HES,0.05
2003,BG,HES,0.05
2004,BG,HES,0.04
2005,BG,HES,0.05
2006,BG,HES,0.04
2007,BG,HES,0.04
2008,BG,HES,0.04
2009,BG,HES,0.07
2010,BG,HES,0.07
2011,BG,HES,0.05
2012,BG,HES,0.05
2013,BG,HES,0.05
2014,BG,HES,0.07
2015,BG,HES,0.05
2016,BG,HES,0.04
2017,BG,HES,0.04
2018,BG,HES,0.04
2019,BG,HES,0.06
2020,BG,HES,0.05
2021,BG,HES,0.05
2022,BG,HES,0.05
2000,CZ,HES,0.16
2001,CZ,HES,0.17
2002,CZ,HES,0.17
2003,CZ,HES,0.17
2004,CZ,HES,0.17
2005,CZ,HES,0.22
2006,CZ,HES,0.23
2007,CZ,HES,0.24
2008,CZ,HES,0.23
2009,CZ,HES,0.26
2010,CZ,HES,0.26
2011,CZ,HES,0.37
2012,CZ,HES,0.48
2013,CZ,HES,0.51
2014,CZ,HES,0.49
2015,CZ,HES,0.47
2016,CZ,HES,0.34
2017,CZ,HES,0.34
2018,CZ,HES,0.4
2019,CZ,HES,0.41
2020,CZ,HES,0.42
2021,CZ,HES,0.39
2022,CZ,HES,0.37
2000,DK,HES,0.43
2001,DK,HES,0.44
2002,DK,HES,0.56
2003,DK,HES,0.58
2004,DK,HES,0.59
2005,DK,HES,0.59
2006,DK,HES,0.62
2007,DK,HES,0.66
2008,DK,HES,0.75
2009,DK,HES,0.84
2010,DK,HES,0.88
2011,DK,HES,0.91
2012,DK,HES,0.94
2013,DK,HES,1
2014,DK,HES,0.98
2015,DK,HES,1.04
2016,DK,HES,1
2017,DK,HES,0.98
2018,DK,HES,1
2019,DK,HES,1.01
2020,DK,HES,1.03
2021,DK,HES,0.94
2022,DK,HES,1.01
2000,DE,HES,0.4
2001,DE,HES,0.4
2002,DE,HES,0.42
2003,DE,HES,0.42
2004,DE,HES,0.41
2005,DE,HES,0.41
2006,DE,HES,0.41
2007,DE,HES,0.4
2008,DE,HES,0.44
2009,DE,HES,0.49
2010,DE,HES,0.5
2011,DE,HES,0.5
2012,DE,HES,0.51
2013,DE,HES,0.51
2014,DE,HES,0.51
2015,DE,HES,0.51
2016,DE,HES,0.53
2017,DE,HES,0.53
2018,DE,HES,0.55
2019,DE,HES,0.55
2020,DE,HES,0.59
2021,DE,HES,0.57
2022,DE,HES,0.57
2000,EE,HES,0.31
2001,EE,HES,0.35
2002,EE,HES,0.34
2003,EE,HES,0.36
2004,EE,HES,0.38
2005,EE,HES,0.38
2006,EE,HES,0.45
2007,EE,HES,0.44
2008,EE,HES,0.54
2009,EE,HES,0.59
2010,EE,HES,0.6
2011,EE,HES,0.64
2012,EE,HES,0.68
2013,EE,HES,0.73
2014,EE,HES,0.63
2015,EE,HES,0.61
2016,EE,HES,0.44
2017,EE,HES,0.51
2018,EE,HES,0.63
2019,EE,HES,0.57
2020,EE,HES,0.59
2021,EE,HES,0.59
2022,EE,HES,0.59
2000,IE,HES,0.22
2001,IE,HES,0.23
2002,IE,HES,0.24
2003,IE,HES,0.28
2004,IE,HES,0.31
2005,IE,HES,0.32
2006,IE,HES,0.32
2007,IE,HES,0.33
2008,IE,HES,0.4
2009,IE,HES,0.43
2010,IE,HES,0.42
2011,IE,HES,0.39
2012,IE,HES,0.36
2013,IE,HES,0.36
2014,IE,HES,0.36
2015,IE,HES,0.27
2016,IE,HES,0.27
2017,IE,HES,0.26
2018,IE,HES,0.21
2019,IE,HES,0.2
2020,IE,HES,0.19
2021,IE,HES,0.17
2022,IE,HES,0.16
2001,EL,HES,0.25
2003,EL,HES,0.26
2004,EL,HES,0.25
2005,EL,HES,0.27
2006,EL,HES,0.27
2007,EL,HES,0.28
2008,EL,HES,0.22
2009,EL,HES,0.23
2010,EL,HES,0.22
2011,EL,HES,0.28
2012,EL,HES,0.28
2013,EL,HES,0.3
2014,EL,HES,0.31
2015,EL,HES,0.37
2016,EL,HES,0.32
2017,EL,HES,0.33
2018,EL,HES,0.34
2019,EL,HES,0.39
2020,EL,HES,0.48
2021,EL,HES,0.44
2022,EL,HES,0.44
2000,ES,HES,0.26
2001,ES,HES,0.27
2002,ES,HES,0.29
2003,ES,HES,0.31
2004,ES,HES,0.31
2005,ES,HES,0.32
2006,ES,HES,0.33
2007,ES,HES,0.33
2008,ES,HES,0.35
2009,ES,HES,0.38
2010,ES,HES,0.38
2011,ES,HES,0.38
2012,ES,HES,0.36
2013,ES,HES,0.36
2014,ES,HES,0.35
2015,ES,HES,0.34
2016,ES,HES,0.33
2017,ES,HES,0.33
2018,ES,HES,0.33
2019,ES,HES,0.33
2020,ES,HES,0.38
2021,ES,HES,0.38
2022,ES,HES,0.37
2000,FR,HES,0.39
2001,FR,HES,0.41
2002,FR,HES,0.41
2003,FR,HES,0.41
2004,FR,HES,0.39
2005,FR,HES,0.39
2006,FR,HES,0.39
2007,FR,HES,0.4
2008,FR,HES,0.41
2009,FR,HES,0.46
2010,FR,HES,0.47
2011,FR,HES,0.46
2012,FR,HES,0.46
2013,FR,HES,0.47
2014,FR,HES,0.46
2015,FR,HES,0.46
2016,FR,HES,0.46
2017,FR,HES,0.45
2018,FR,HES,0.45
2019,FR,HES,0.44
2020,FR,HES,0.47
2021,FR,HES,0.45
2022,FR,HES,0.45
2002,HR,HES,0.33
2003,HR,HES,0.37
2004,HR,HES,0.38
2005,HR,HES,0.29
2006,HR,HES,0.27
2007,HR,HES,0.26
2008,HR,HES,0.27
2009,HR,HES,0.27
2010,HR,HES,0.21
2011,HR,HES,0.2
2012,HR,HES,0.2
2013,HR,HES,0.19
2014,HR,HES,0.2
2015,HR,HES,0.2
2016,HR,HES,0.28
2017,HR,HES,0.25
2018,HR,HES,0.3
2019,HR,HES,0.35
2020,HR,HES,0.4
2021,HR,HES,0.4
2022,HR,HES,0.39
2000,IT,HES,0.31
2001,IT,HES,0.34
2002,IT,HES,0.35
2003,IT,HES,0.36
2004,IT,HES,0.34
2005,IT,HES,0.32
2006,IT,HES,0.33
2007,IT,HES,0.34
2008,IT,HES,0.35
2009,IT,HES,0.37
2010,IT,HES,0.35
2011,IT,HES,0.34
2012,IT,HES,0.35
2013,IT,HES,0.37
2014,IT,HES,0.36
2015,IT,HES,0.34
2016,IT,HES,0.33
2017,IT,HES,0.32
2018,IT,HES,0.32
2019,IT,HES,0.33
2020,IT,HES,0.35
2021,IT,HES,0.34
2022,IT,HES,0.34
2000,CY,HES,0.06
2001,CY,HES,0.06
2002,CY,HES,0.08
2003,CY,HES,0.1
2004,CY,HES,0.12
2005,CY,HES,0.14
2006,CY,HES,0.16
2007,CY,HES,0.18
2008,CY,HES,0.17
2009,CY,HES,0.2
2010,CY,HES,0.22
2011,CY,HES,0.24
2012,CY,HES,0.24
2013,CY,HES,0.26
2014,CY,HES,0.25
2015,CY,HES,0.24
2016,CY,HES,0.21
2017,CY,HES,0.22
2018,CY,HES,0.25
2019,CY,HES,0.27
2020,CY,HES,0.3
2021,CY,HES,0.31
2022,CY,HES,0.28
2000,LV,HES,0.16
2001,LV,HES,0.17
2002,LV,HES,0.16
2003,LV,HES,0.15
2004,LV,HES,0.14
2005,LV,HES,0.21
2006,LV,HES,0.22
2007,LV,HES,0.24
2008,LV,HES,0.27
2009,LV,HES,0.17
2010,LV,HES,0.24
2011,LV,HES,0.35
2012,LV,HES,0.33
2013,LV,HES,0.26
2014,LV,HES,0.28
2015,LV,HES,0.31
2016,LV,HES,0.19
2017,LV,HES,0.24
2018,LV,HES,0.33
2019,LV,HES,0.35
2020,LV,HES,0.35
2021,LV,HES,0.33
2022,LV,HES,0.35
2000,LT,HES,0.21
2001,LT,HES,0.21
2002,LT,HES,0.33
2003,LT,HES,0.35
2004,LT,HES,0.41
2005,LT,HES,0.41
2006,LT,HES,0.39
2007,LT,HES,0.41
2008,LT,HES,0.42
2009,LT,HES,0.43
2010,LT,HES,0.42
2011,LT,HES,0.49
2012,LT,HES,0.48
2013,LT,HES,0.52
2014,LT,HES,0.54
2015,LT,HES,0.58
2016,LT,HES,0.33
2017,LT,HES,0.32
2018,LT,HES,0.34
2019,LT,HES,0.36
2020,LT,HES,0.42
2021,LT,HES,0.39
2022,LT,HES,0.37
2000,LU,HES,0
2001,LU,HES,0.01
2003,LU,HES,0.01
2004,LU,HES,0.02
2005,LU,HES,0.02
2006,LU,HES,0.04
2007,LU,HES,0.05
2008,LU,HES,0.09
2009,LU,HES,0.13
2010,LU,HES,0.18
2011,LU,HES,0.15
2012,LU,HES,0.2
2013,LU,HES,0.23
2014,LU,HES,0.21
2015,LU,HES,0.23
2016,LU,HES,0.24
2017,LU,HES,0.25
2018,LU,HES,0.24
2019,LU,HES,0.26
2020,LU,HES,0.27
2021,LU,HES,0.26
2022,LU,HES,0.27
2000,HU,HES,0.19
2001,HU,HES,0.24
2002,HU,HES,0.25
2003,HU,HES,0.25
2004,HU,HES,0.21
2005,HU,HES,0.23
2006,HU,HES,0.24
2007,HU,HES,0.22
2008,HU,HES,0.22
2009,HU,HES,0.24
2010,HU,HES,0.22
2011,HU,HES,0.24
2012,HU,HES,0.23
2013,HU,HES,0.2
2014,HU,HES,0.18
2015,HU,HES,0.16
2016,HU,HES,0.13
2017,HU,HES,0.18
2018,HU,HES,0.19
2019,HU,HES,0.21
2020,HU,HES,0.21
2021,HU,HES,0.23
2022,HU,HES,0.21
2002,MT,HES,0.15
2003,MT,HES,0.15
2004,MT,HES,0.15
2005,MT,HES,0.15
2006,MT,HES,0.17
2007,MT,HES,0.17
2008,MT,HES,0.16
2009,MT,HES,0.16
2010,MT,HES,0.21
2011,MT,HES,0.21
2012,MT,HES,0.28
2013,MT,HES,0.29
2014,MT,HES,0.24
2015,MT,HES,0.23
2016,MT,HES,0.2
2017,MT,HES,0.19
2018,MT,HES,0.21
2019,MT,HES,0.21
2020,MT,HES,0.23
2021,MT,HES,0.22
2022,MT,HES,0.22
2000,NL,HES,0.57
2001,NL,HES,0.57
2002,NL,HES,0.6
2003,NL,HES,0.61
2004,NL,HES,0.59
2005,NL,HES,0.61
2006,NL,HES,0.58
2007,NL,HES,0.58
2008,NL,HES,0.61
2009,NL,HES,0.66
2010,NL,HES,0.68
2011,NL,HES,0.61
2012,NL,HES,0.6
2013,NL,HES,0.61
2014,NL,HES,0.63
2015,NL,HES,0.63
2016,NL,HES,0.6
2017,NL,HES,0.6
2018,NL,HES,0.58
2019,NL,HES,0.59
2020,NL,HES,0.63
2021,NL,HES,0.63
2022,NL,HES,0.58
2002,AT,HES,0.56
2004,AT,HES,0.58
2005,AT,HES,0.59
2006,AT,HES,0.57
2007,AT,HES,0.58
2008,AT,HES,0.64
2009,AT,HES,0.68
2010,AT,HES,0.7
2011,AT,HES,0.68
2012,AT,HES,0.72
2013,AT,HES,0.72
2014,AT,HES,0.73
2015,AT,HES,0.72
2016,AT,HES,0.69
2017,AT,HES,0.69
2018,AT,HES,0.69
2019,AT,HES,0.68
2020,AT,HES,0.72
2021,AT,HES,0.75
2022,AT,HES,0.74
2000,PL,HES,0.2
2001,PL,HES,0.2
2002,PL,HES,0.19
2003,PL,HES,0.17
2004,PL,HES,0.18
2005,PL,HES,0.18
2006,PL,HES,0.17
2007,PL,HES,0.19
2008,PL,HES,0.2
2009,PL,HES,0.25
2010,PL,HES,0.27
2011,PL,HES,0.26
2012,PL,HES,0.31
2013,PL,HES,0.26
2014,PL,HES,0.28
2015,PL,HES,0.29
2016,PL,HES,0.3
2017,PL,HES,0.34
2018,PL,HES,0.38
2019,PL,HES,0.47
2020,PL,HES,0.48
2021,PL,HES,0.5
2022,PL,HES,0.46
2000,PT,HES,0.27
2001,PT,HES,0.28
2002,PT,HES,0.27
2003,PT,HES,0.27
2004,PT,HES,0.27
2005,PT,HES,0.27
2006,PT,HES,0.3
2007,PT,HES,0.33
2008,PT,HES,0.5
2009,PT,HES,0.58
2010,PT,HES,0.57
2011,PT,HES,0.53
2012,PT,HES,0.5
2013,PT,HES,0.59
2014,PT,HES,0.59
2015,PT,HES,0.57
2016,PT,HES,0.57
2017,PT,HES,0.56
2018,PT,HES,0.56
2019,PT,HES,0.56
2020,PT,HES,0.58
2021,PT,HES,0.56
2022,PT,HES,0.53
2000,RO,HES,0.04
2001,RO,HES,0.04
2002,RO,HES,0.06
2003,RO,HES,0.04
2004,RO,HES,0.04
2005,RO,HES,0.06
2006,RO,HES,0.08
2007,RO,HES,0.12
2008,RO,HES,0.16
2009,RO,HES,0.11
2010,RO,HES,0.11
2011,RO,HES,0.11
2012,RO,HES,0.09
2013,RO,HES,0.08
2014,RO,HES,0.06
2015,RO,HES,0.09
2016,RO,HES,0.06
2017,RO,HES,0.05
2018,RO,HES,0.05
2019,RO,HES,0.05
2020,RO,HES,0.04
2021,RO,HES,0.04
2022,RO,HES,0.04
2000,SI,HES,0.23
2001,SI,HES,0.24
2002,SI,HES,0.22
2003,SI,HES,0.17
2004,SI,HES,0.18
2005,SI,HES,0.24
2006,SI,HES,0.23
2007,SI,HES,0.22
2008,SI,HES,0.22
2009,SI,HES,0.26
2010,SI,HES,0.29
2011,SI,HES,0.28
2012,SI,HES,0.28
2013,SI,HES,0.27
2014,SI,HES,0.25
2015,SI,HES,0.22
2016,SI,HES,0.22
2017,SI,HES,0.21
2018,SI,HES,0.23
2019,SI,HES,0.24
2020,SI,HES,0.26
2021,SI,HES,0.26
2022,SI,HES,0.27
2000,SK,HES,0.06
2001,SK,HES,0.06
2002,SK,HES,0.05
2003,SK,HES,0.07
2004,SK,HES,0.1
2005,SK,HES,0.1
2006,SK,HES,0.11
2007,SK,HES,0.11
2008,SK,HES,0.11
2009,SK,HES,0.12
2010,SK,HES,0.17
2011,SK,HES,0.23
2012,SK,HES,0.27
2013,SK,HES,0.27
2014,SK,HES,0.3
2015,SK,HES,0.51
2016,SK,HES,0.22
2017,SK,HES,0.22
2018,SK,HES,0.2
2019,SK,HES,0.21
2020,SK,HES,0.24
2021,SK,HES,0.23
2022,SK,HES,0.25
2000,FI,HES,0.58
2001,FI,HES,0.58
2002,FI,HES,0.62
2003,FI,HES,0.63
2004,FI,HES,0.65
2005,FI,HES,0.63
2006,FI,HES,0.62
2007,FI,HES,0.62
2008,FI,HES,0.61
2009,FI,HES,0.71
2010,FI,HES,0.76
2011,FI,HES,0.72
2012,FI,HES,0.73
2013,FI,HES,0.7
2014,FI,HES,0.72
2015,FI,HES,0.7
2016,FI,HES,0.68
2017,FI,HES,0.69
2018,FI,HES,0.7
2019,FI,HES,0.71
2020,FI,HES,0.72
2021,FI,HES,0.69
2022,FI,HES,0.71
2001,SE,HES,0.76
2003,SE,HES,0.78
2004,SE,HES,0.77
2005,SE,HES,0.74
2006,SE,HES,0.72
2007,SE,HES,0.71
2008,SE,HES,0.74
2009,SE,HES,0.84
2010,SE,HES,0.84
2011,SE,HES,0.84
2012,SE,HES,0.88
2013,SE,HES,0.89
2014,SE,HES,0.91
2015,SE,HES,0.87
2016,SE,HES,0.87
2017,SE,HES,0.85
2018,SE,HES,0.85
2019,SE,HES,0.8
2020,SE,HES,0.81
2021,SE,HES,0.79
2022,SE,HES,0.76
2000,IS,HES,0.42
2001,IS,HES,0.53
2002,IS,HES,0.45
2003,IS,HES,0.58
2005,IS,HES,0.59
2006,IS,HES,0.68
2007,IS,HES,0.64
2008,IS,HES,0.62
2009,IS,HES,0.65
2010,IS,HES,0.64
2011,IS,HES,0.63
2013,IS,HES,0.63
2014,IS,HES,0.64
2015,IS,HES,0.64
2016,IS,HES,0.65
2017,IS,HES,0.66
2018,IS,HES,0.63
2019,IS,HES,0.66
2020,IS,HES,0.71
2021,IS,HES,0.71
2022,IS,HES,0.65
2001,NO,HES,0.4
2002,NO,HES,0.44
2003,NO,HES,0.46
2004,NO,HES,0.46
2005,NO,HES,0.46
2006,NO,HES,0.44
2007,NO,HES,0.5
2008,NO,HES,0.5
2009,NO,HES,0.55
2010,NO,HES,0.53
2011,NO,HES,0.51
2012,NO,HES,0.5
2013,NO,HES,0.52
2014,NO,HES,0.53
2015,NO,HES,0.6
2016,NO,HES,0.66
2017,NO,HES,0.7
2018,NO,HES,0.7
2019,NO,HES,0.73
2020,NO,HES,0.75
2021,NO,HES,0.62
2022,NO,HES,0.51
2000,CH,HES,0.52
2002,CH,HES,0.57
2004,CH,HES,0.6
2006,CH,HES,0.58
2008,CH,HES,0.64
2010,CH,HES,0.71
2012,CH,HES,0.81
2014,CH,HES,0.85
2015,CH,HES,0.88
2017,CH,HES,0.91
2019,CH,HES,0.92
2021,CH,HES,0.93
2022,CH,HES,0.91
2000,UK,HES,0.33
2001,UK,HES,0.36
2002,UK,HES,0.39
2003,UK,HES,0.38
2004,UK,HES,0.38
2005,UK,HES,0.4
2006,UK,HES,0.41
2007,UK,HES,0.42
2008,UK,HES,0.43
2009,UK,HES,0.47
2010,UK,HES,0.44
2011,UK,HES,0.43
2012,UK,HES,0.42
2013,UK,HES,0.43
2014,UK,HES,0.42
2015,UK,HES,0.42
2016,UK,HES,0.4
2017,UK,HES,0.4
2018,UK,HES,0.41
2019,UK,HES,0.41
2012,BA,HES,0.07
2013,BA,HES,0.11
2014,BA,HES,0.16
2019,BA,HES,0.11
2020,BA,HES,0.11
2021,BA,HES,0.11
2011,ME,HES,0.14
2013,ME,HES,0.12
2014,ME,HES,0.14
2015,ME,HES,0.17
2016,ME,HES,0.19
2017,ME,HES,0.17
2018,ME,HES,0.17
2019,ME,HES,0.13
2015,MK,HES,0.3
2016,MK,HES,0.27
2017,MK,HES,0.22
2018,MK,HES,0.21
2019,MK,HES,0.23
2020,MK,HES,0.24
2022,MK,HES,0.25
2009,RS,HES,0.45
2010,RS,HES,0.36
2011,RS,HES,0.39
2012,RS,HES,0.39
2013,RS,HES,0.36
2014,RS,HES,0.33
2015,RS,HES,0.33
2016,RS,HES,0.3
2017,RS,HES,0.32
2018,RS,HES,0.3
2019,RS,HES,0.31
2020,RS,HES,0.29
2021,RS,HES,0.28
2022,RS,HES,0.29
2000,TR,HES,0.28
2001,TR,HES,0.31
2002,TR,HES,0.33
2003,TR,HES,0.31
2004,TR,HES,0.34
2005,TR,HES,0.31
2006,TR,HES,0.28
2007,TR,HES,0.33
2008,TR,HES,0.3
2009,TR,HES,0.38
2010,TR,HES,0.37
2011,TR,HES,0.36
2012,TR,HES,0.36
2013,TR,HES,0.34
2014,TR,HES,0.35
2015,TR,HES,0.4
2016,TR,HES,0.48
2017,TR,HES,0.5
2018,TR,HES,0.5
2019,TR,HES,0.51
2020,TR,HES,0.53
2021,TR,HES,0.48
2022,TR,HES,0.45
2000,RU,HES,0.04
2001,RU,HES,0.06
2002,RU,HES,0.06
2003,RU,HES,0.07
2004,RU,HES,0.06
2005,RU,HES,0.06
2006,RU,HES,0.06
2007,RU,HES,0.07
2008,RU,HES,0.07
2009,RU,HES,0.08
2010,RU,HES,0.09
2011,RU,HES,0.09
2012,RU,HES,0.1
2013,RU,HES,0.09
2014,RU,HES,0.1
2015,RU,HES,0.11
2017,RU,HES,0.1
2018,RU,HES,0.1
2019,RU,HES,0.11
2000,BE,PNP,0.02
2001,BE,PNP,0.02
2002,BE,PNP,0.02
2003,BE,PNP,0.02
2004,BE,PNP,0.03
2005,BE,PNP,0.02
2006,BE,PNP,0.03
2007,BE,PNP,0.02
2008,BE,PNP,0.02
2009,BE,PNP,0.02
2010,BE,PNP,0.02
2011,BE,PNP,0.02
2012,BE,PNP,0.01
2013,BE,PNP,0.01
2014,BE,PNP,0.01
2015,BE,PNP,0.01
2016,BE,PNP,0.02
2017,BE,PNP,0.01
2018,BE,PNP,0.02
2019,BE,PNP,0.02
2020,BE,PNP,0.02
2021,BE,PNP,0.02
2022,BE,PNP,0.02
2000,BG,PNP,0
2001,BG,PNP,0
2002,BG,PNP,0
2003,BG,PNP,0
2004,BG,PNP,0
2005,BG,PNP,0.01
2006,BG,PNP,0
2007,BG,PNP,0
2008,BG,PNP,0
2009,BG,PNP,0
2010,BG,PNP,0
2011,BG,PNP,0
2012,BG,PNP,0.01
2013,BG,PNP,0
2014,BG,PNP,0.01
2015,BG,PNP,0.01
2016,BG,PNP,0
2017,BG,PNP,0.01
2018,BG,PNP,0
2019,BG,PNP,0.01
2020,BG,PNP,0.01
2021,BG,PNP,0
2022,BG,PNP,0
2000,CZ,PNP,0.01
2001,CZ,PNP,0.01
2002,CZ,PNP,0
2003,CZ,PNP,0
2004,CZ,PNP,0
2005,CZ,PNP,0.01
2006,CZ,PNP,0.01
2007,CZ,PNP,0.01
2008,CZ,PNP,0.01
2009,CZ,PNP,0.01
2010,CZ,PNP,0.01
2011,CZ,PNP,0.01
2012,CZ,PNP,0.01
2013,CZ,PNP,0.01
2014,CZ,PNP,0.01
2015,CZ,PNP,0.01
2016,CZ,PNP,0
2017,CZ,PNP,0
2018,CZ,PNP,0
2019,CZ,PNP,0.01
2020,CZ,PNP,0.01
2021,CZ,PNP,0.01
2022,CZ,PNP,0.01
2000,DK,PNP,0.02
2001,DK,PNP,0.02
2002,DK,PNP,0.01
2003,DK,PNP,0.02
2004,DK,PNP,0.02
2005,DK,PNP,0.02
2006,DK,PNP,0.01
2007,DK,PNP,0.01
2008,DK,PNP,0.01
2009,DK,PNP,0.01
2010,DK,PNP,0.01
2011,DK,PNP,0.01
2012,DK,PNP,0.01
2013,DK,PNP,0.01
2014,DK,PNP,0.01
2015,DK,PNP,0.01
2016,DK,PNP,0.01
2017,DK,PNP,0.01
2018,DK,PNP,0.01
2019,DK,PNP,0.01
2020,DK,PNP,0.01
2021,DK,PNP,0.01
2022,DK,PNP,0.01
2022,DE,PNP,0.07
2000,EE,PNP,0.01
2001,EE,PNP,0.01
2002,EE,PNP,0.03
2003,EE,PNP,0.02
2004,EE,PNP,0.02
2005,EE,PNP,0.02
2006,EE,PNP,0.02
2007,EE,PNP,0.03
2008,EE,PNP,0.03
2009,EE,PNP,0.03
2010,EE,PNP,0.02
2011,EE,PNP,0.02
2012,EE,PNP,0.02
2013,EE,PNP,0.02
2014,EE,PNP,0.02
2015,EE,PNP,0.03
2016,EE,PNP,0.02
2017,EE,PNP,0.02
2018,EE,PNP,0.02
2019,EE,PNP,0.02
2020,EE,PNP,0.03
2021,EE,PNP,0.02
2022,EE,PNP,0.01
2001,EL,PNP,0
2003,EL,PNP,0.01
2004,EL,PNP,0
2005,EL,PNP,0.01
2006,EL,PNP,0.01
2007,EL,PNP,0.01
2008,EL,PNP,0.01
2009,EL,PNP,0.01
2010,EL,PNP,0.01
2011,EL,PNP,0.01
2012,EL,PNP,0.01
2013,EL,PNP,0.01
2014,EL,PNP,0.01
2015,EL,PNP,0.01
2016,EL,PNP,0.01
2017,EL,PNP,0.01
2018,EL,PNP,0.01
2019,EL,PNP,0.01
2020,EL,PNP,0.01
2021,EL,PNP,0.01
2022,EL,PNP,0.01
2000,ES,PNP,0.01
2001,ES,PNP,0.01
2002,ES,PNP,0
2003,ES,PNP,0
2004,ES,PNP,0
2005,ES,PNP,0
2006,ES,PNP,0
2007,ES,PNP,0
2008,ES,PNP,0
2009,ES,PNP,0
2010,ES,PNP,0
2011,ES,PNP,0
2012,ES,PNP,0
2013,ES,PNP,0
2014,ES,PNP,0
2015,ES,PNP,0
2016,ES,PNP,0
2017,ES,PNP,0
2018,ES,PNP,0
2019,ES,PNP,0
2020,ES,PNP,0
2021,ES,PNP,0
2022,ES,PNP,0
2000,FR,PNP,0.03
2001,FR,PNP,0.03
2002,FR,PNP,0.03
2003,FR,PNP,0.03
2004,FR,PNP,0.03
2005,FR,PNP,0.03
2006,FR,PNP,0.02
2007,FR,PNP,0.02
2008,FR,PNP,0.03
2009,FR,PNP,0.03
2010,FR,PNP,0.03
2011,FR,PNP,0.03
2012,FR,PNP,0.03
2013,FR,PNP,0.03
2014,FR,PNP,0.03
2015,FR,PNP,0.03
2016,FR,PNP,0.04
2017,FR,PNP,0.03
2018,FR,PNP,0.03
2019,FR,PNP,0.04
2020,FR,PNP,0.05
2021,FR,PNP,0.05
2022,FR,PNP,0.04
2005,HR,PNP,0
2006,HR,PNP,0
2007,HR,PNP,0
2008,HR,PNP,0
2009,HR,PNP,0
2010,HR,PNP,0
2011,HR,PNP,0
2021,HR,PNP,0
2022,HR,PNP,0
2002,IT,PNP,0.01
2003,IT,PNP,0.01
2004,IT,PNP,0.02
2005,IT,PNP,0.02
2006,IT,PNP,0.04
2007,IT,PNP,0.04
2008,IT,PNP,0.04
2009,IT,PNP,0.04
2010,IT,PNP,0.04
2011,IT,PNP,0.04
2012,IT,PNP,0.04
2013,IT,PNP,0.04
2014,IT,PNP,0.04
2015,IT,PNP,0.04
2016,IT,PNP,0.03
2017,IT,PNP,0.02
2018,IT,PNP,0.02
2019,IT,PNP,0.03
2020,IT,PNP,0.03
2021,IT,PNP,0.03
2022,IT,PNP,0.03
2000,CY,PNP,0.02
2001,CY,PNP,0.02
2002,CY,PNP,0.03
2003,CY,PNP,0.02
2004,CY,PNP,0.02
2005,CY,PNP,0.03
2006,CY,PNP,0.03
2007,CY,PNP,0.03
2008,CY,PNP,0.04
2009,CY,PNP,0.06
2010,CY,PNP,0.06
2011,CY,PNP,0.07
2012,CY,PNP,0.06
2013,CY,PNP,0.06
2014,CY,PNP,0.08
2015,CY,PNP,0.07
2016,CY,PNP,0.07
2017,CY,PNP,0.06
2018,CY,PNP,0.07
2019,CY,PNP,0.08
2020,CY,PNP,0.11
2021,CY,PNP,0.11
2022,CY,PNP,0.11
2000,LV,PNP,0
2001,LV,PNP,0
2002,LV,PNP,0
2003,LV,PNP,0
2004,LV,PNP,0
2005,LV,PNP,0
2006,LV,PNP,0
2009,LU,PNP,0
2010,LU,PNP,0
2011,LU,PNP,0
2012,LU,PNP,0
2021,LU,PNP,0
2022,LU,PNP,0
2002,MT,PNP,0
2003,MT,PNP,0
2004,MT,PNP,0
2005,MT,PNP,0
2006,MT,PNP,0
2007,MT,PNP,0
2008,MT,PNP,0
2009,MT,PNP,0
2000,NL,PNP,0.02
2002,NL,PNP,0.01
2013,NL,PNP,0
2014,NL,PNP,0
2015,NL,PNP,0
2016,NL,PNP,0
2017,NL,PNP,0
2018,NL,PNP,0
2019,NL,PNP,0
2020,NL,PNP,0
2021,NL,PNP,0
2022,NL,PNP,0
2002,AT,PNP,0.01
2004,AT,PNP,0.01
2005,AT,PNP,0.01
2006,AT,PNP,0.01
2007,AT,PNP,0.01
2008,AT,PNP,0.01
2009,AT,PNP,0.01
2010,AT,PNP,0.01
2011,AT,PNP,0.01
2012,AT,PNP,0.01
2013,AT,PNP,0.01
2014,AT,PNP,0.01
2015,AT,PNP,0.01
2016,AT,PNP,0.02
2017,AT,PNP,0.02
2018,AT,PNP,0.02
2019,AT,PNP,0.02
2020,AT,PNP,0.02
2021,AT,PNP,0.02
2022,AT,PNP,0.02
2000,PL,PNP,0
2001,PL,PNP,0
2002,PL,PNP,0
2003,PL,PNP,0
2004,PL,PNP,0
2005,PL,PNP,0
2006,PL,PNP,0
2007,PL,PNP,0
2008,PL,PNP,0
2009,PL,PNP,0
2010,PL,PNP,0
2011,PL,PNP,0
2012,PL,PNP,0
2013,PL,PNP,0
2014,PL,PNP,0
2015,PL,PNP,0
2016,PL,PNP,0
2017,PL,PNP,0
2018,PL,PNP,0
2019,PL,PNP,0
2020,PL,PNP,0
2021,PL,PNP,0
2022,PL,PNP,0
2000,PT,PNP,0.08
2001,PT,PNP,0.08
2002,PT,PNP,0.08
2003,PT,PNP,0.08
2004,PT,PNP,0.08
2005,PT,PNP,0.09
2006,PT,PNP,0.1
2007,PT,PNP,0.11
2008,PT,PNP,0.12
2009,PT,PNP,0.14
2010,PT,PNP,0.15
2011,PT,PNP,0.13
2012,PT,PNP,0.12
2013,PT,PNP,0.02
2014,PT,PNP,0.02
2015,PT,PNP,0.02
2016,PT,PNP,0.02
2017,PT,PNP,0.02
2018,PT,PNP,0.02
2019,PT,PNP,0.03
2020,PT,PNP,0.03
2021,PT,PNP,0.04
2022,PT,PNP,0.04
2003,RO,PNP,0
2004,RO,PNP,0
2005,RO,PNP,0.01
2006,RO,PNP,0.01
2007,RO,PNP,0
2008,RO,PNP,0
2009,RO,PNP,0
2010,RO,PNP,0
2011,RO,PNP,0
2012,RO,PNP,0
2013,RO,PNP,0
2014,RO,PNP,0
2015,RO,PNP,0
2016,RO,PNP,0
2017,RO,PNP,0
2018,RO,PNP,0
2019,RO,PNP,0
2020,RO,PNP,0
2021,RO,PNP,0
2022,RO,PNP,0
2000,SI,PNP,0.02
2001,SI,PNP,0.02
2002,SI,PNP,0.02
2003,SI,PNP,0
2004,SI,PNP,0
2005,SI,PNP,0
2006,SI,PNP,0
2007,SI,PNP,0
2008,SI,PNP,0
2009,SI,PNP,0
2010,SI,PNP,0
2011,SI,PNP,0
2012,SI,PNP,0
2013,SI,PNP,0
2014,SI,PNP,0
2015,SI,PNP,0
2016,SI,PNP,0
2017,SI,PNP,0
2018,SI,PNP,0.01
2019,SI,PNP,0.01
2020,SI,PNP,0.02
2021,SI,PNP,0.02
2022,SI,PNP,0.02
2000,SK,PNP,0
2001,SK,PNP,0
2002,SK,PNP,0
2003,SK,PNP,0
2004,SK,PNP,0
2005,SK,PNP,0
2006,SK,PNP,0
2007,SK,PNP,0
2008,SK,PNP,0
2009,SK,PNP,0
2010,SK,PNP,0
2011,SK,PNP,0
2012,SK,PNP,0
2013,SK,PNP,0
2014,SK,PNP,0
2015,SK,PNP,0
2016,SK,PNP,0
2017,SK,PNP,0
2018,SK,PNP,0
2019,SK,PNP,0
2020,SK,PNP,0
2021,SK,PNP,0
2022,SK,PNP,0
2000,FI,PNP,0.02
2001,FI,PNP,0.02
2002,FI,PNP,0.02
2003,FI,PNP,0.02
2004,FI,PNP,0.02
2005,FI,PNP,0.02
2006,FI,PNP,0.02
2007,FI,PNP,0.02
2008,FI,PNP,0.02
2009,FI,PNP,0.02
2010,FI,PNP,0.03
2011,FI,PNP,0.03
2012,FI,PNP,0.02
2013,FI,PNP,0.02
2014,FI,PNP,0.02
2015,FI,PNP,0.02
2016,FI,PNP,0.02
2017,FI,PNP,0.02
2018,FI,PNP,0.02
2019,FI,PNP,0.02
2020,FI,PNP,0.02
2021,FI,PNP,0.02
2022,FI,PNP,0.02
2001,SE,PNP,0
2003,SE,PNP,0.01
2004,SE,PNP,0.01
2005,SE,PNP,0.01
2006,SE,PNP,0.01
2007,SE,PNP,0.01
2008,SE,PNP,0.01
2009,SE,PNP,0
2010,SE,PNP,0
2011,SE,PNP,0.01
2012,SE,PNP,0.01
2013,SE,PNP,0.01
2014,SE,PNP,0.01
2015,SE,PNP,0.01
2016,SE,PNP,0.01
2017,SE,PNP,0
2018,SE,PNP,0
2019,SE,PNP,0
2020,SE,PNP,0
2021,SE,PNP,0
2022,SE,PNP,0.01
2000,IS,PNP,0.05
2001,IS,PNP,0.06
2002,IS,PNP,0.06
2003,IS,PNP,0.06
2005,IS,PNP,0.08
2006,IS,PNP,0.08
2007,IS,PNP,0.06
2008,IS,PNP,0.06
2009,IS,PNP,0.06
2011,IS,PNP,0.07
2013,IS,PNP,0
2014,IS,PNP,0
2015,IS,PNP,0
2017,IS,PNP,0
2018,IS,PNP,0
2022,NO,PNP,0
2000,CH,PNP,0.04
2004,CH,PNP,0.06
2008,CH,PNP,0.04
2012,CH,PNP,0.05
2015,CH,PNP,0.08
2017,CH,PNP,0.08
2019,CH,PNP,0.09
2021,CH,PNP,0.09
2000,UK,PNP,0.03
2001,UK,PNP,0.03
2002,UK,PNP,0.03
2003,UK,PNP,0.03
2004,UK,PNP,0.03
2005,UK,PNP,0.04
2006,UK,PNP,0.04
2007,UK,PNP,0.04
2008,UK,PNP,0.04
2009,UK,PNP,0.04
2010,UK,PNP,0.04
2011,UK,PNP,0.03
2012,UK,PNP,0.03
2013,UK,PNP,0.03
2014,UK,PNP,0.03
2015,UK,PNP,0.03
2016,UK,PNP,0.04
2017,UK,PNP,0.04
2018,UK,PNP,0.04
2019,UK,PNP,0.04
2012,BA,PNP,0
2013,BA,PNP,0
2014,BA,PNP,0
2019,BA,PNP,0
2020,BA,PNP,0
2021,BA,PNP,0
2011,ME,PNP,0.01
2013,ME,PNP,0.01
2014,ME,PNP,0.01
2015,ME,PNP,0.01
2016,ME,PNP,0.02
2017,ME,PNP,0.01
2018,ME,PNP,0.01
2019,ME,PNP,0
2015,MK,PNP,0
2016,MK,PNP,0.01
2017,MK,PNP,0.01
2018,MK,PNP,0.01
2019,MK,PNP,0.01
2020,MK,PNP,0
2022,MK,PNP,0
2009,RS,PNP,0
2010,RS,PNP,0
2011,RS,PNP,0
2012,RS,PNP,0
2013,RS,PNP,0
2014,RS,PNP,0
2015,RS,PNP,0
2016,RS,PNP,0
2017,RS,PNP,0
2018,RS,PNP,0
2019,RS,PNP,0
2020,RS,PNP,0
2021,RS,PNP,0
2022,RS,PNP,0
2000,TR,PNP,0
2000,RU,PNP,0
2001,RU,PNP,0
2002,RU,PNP,0
2003,RU,PNP,0
2004,RU,PNP,0
2005,RU,PNP,0
2006,RU,PNP,0
2007,RU,PNP,0
2008,RU,PNP,0
2009,RU,PNP,0
2010,RU,PNP,0
2011,RU,PNP,0
2012,RU,PNP,0
2013,RU,PNP,0
2014,RU,PNP,0
2015,RU,PNP,0
2017,RU,PNP,0
2018,RU,PNP,0
2019,RU,PNP,0
